SET ECHO ON;
whenever sqlerror exit sql.sqlcode;

--
-- Data for Name: countries; Type: TABLE DATA; Schema: public; Owner: -
--

INSERT INTO countries (country_id, country_name) VALUES ('SE', 'Sweden');
INSERT INTO countries (country_id, country_name) VALUES ('FI', 'Finland');
INSERT INTO countries (country_id, country_name) VALUES ('DK', 'Denmark');
INSERT INTO countries (country_id, country_name) VALUES ('UK', 'England');


--
-- Data for Name: departments; Type: TABLE DATA; Schema: public; Owner: -
--

INSERT INTO departments (department_id, department_name, manager_id, loc_id) VALUES (100, 'M42 Consulting', 5, 3);
INSERT INTO departments (department_id, department_name, manager_id, loc_id) VALUES (200, 'M42 Testing', 6, 3);
INSERT INTO departments (department_id, department_name, manager_id, loc_id) VALUES (300, 'Emineo DB services', 7, 4);
INSERT INTO departments (department_id, department_name, manager_id, loc_id) VALUES (400, 'Miracle Finland Oy', 9, 1);
INSERT INTO departments (department_id, department_name, manager_id, loc_id) VALUES (500, 'Emineo sales', 14, 4);
INSERT INTO departments (department_id, department_name, manager_id, loc_id) VALUES (600, 'AddPro', 16, 5);
INSERT INTO departments (department_id, department_name, manager_id, loc_id) VALUES (700, 'Progressive', 18, 7);
INSERT INTO departments (department_id, department_name, manager_id, loc_id) VALUES (800, 'Mentor IT Esbjerg', 21, 6);
INSERT INTO departments (department_id, department_name, manager_id, loc_id) VALUES (900, 'Mentor IT Kolding', 21, 8);
INSERT INTO departments (department_id, department_name, manager_id, loc_id) VALUES (1000, 'M42 Hosting', 22, 2);
INSERT INTO departments (department_id, department_name, manager_id, loc_id) VALUES (1100, 'M42 AppSDev', 24, 3);


--
-- Data for Name: dept; Type: TABLE DATA; Schema: public; Owner: -
--



--
-- Data for Name: employees; Type: TABLE DATA; Schema: public; Owner: -
--

INSERT INTO employees (employee_id, first_name, last_name, email, phone_number, hire_date, job_id, salary, manager_id, department_id) VALUES (162, 'Tilde', 'Jensen', 'tilde.jensen@miracle42.dk', '+45 71166208', TO_DATE('2011-07-26', 'yyyy-mm-dd'), 'CONS', 3330.00, 52, 1000);
INSERT INTO employees (employee_id, first_name, last_name, email, phone_number, hire_date, job_id, salary, manager_id, department_id) VALUES (853, 'Alba', 'Jensen', 'alba.jensen@emineo.se', '+46 64037382', TO_DATE('2010-10-03', 'yyyy-mm-dd'), 'CONS', 5330.00, 39, 300);
INSERT INTO employees (employee_id, first_name, last_name, email, phone_number, hire_date, job_id, salary, manager_id, department_id) VALUES (534, 'Noah', 'Olsen', 'noah.olsen@emineo.se', '+46 29702356', TO_DATE('2020-07-24', 'yyyy-mm-dd'), 'CONS', 3860.00, 41, 500);
INSERT INTO employees (employee_id, first_name, last_name, email, phone_number, hire_date, job_id, salary, manager_id, department_id) VALUES (7, 'Lauge', 'Nielsen', 'lauge.nielsen@emineo.se', '+46 48775458', TO_DATE('1995-06-14', 'yyyy-mm-dd'), 'CONS', 8930.00, 5, 300);
INSERT INTO employees (employee_id, first_name, last_name, email, phone_number, hire_date, job_id, salary, manager_id, department_id) VALUES (6, 'Marius', 'Nielsen', 'marius.nielsen@miracle42.dk', '+45 92072460', TO_DATE('1995-09-06', 'yyyy-mm-dd'), 'CONS', 8260.00, 5, 200);
INSERT INTO employees (employee_id, first_name, last_name, email, phone_number, hire_date, job_id, salary, manager_id, department_id) VALUES (9, 'Line', 'Nielsen', 'line.nielsen@miracle.fi', '+358 53175137', TO_DATE('2009-01-11', 'yyyy-mm-dd'), 'CONS', 9600.00, 5, 400);
INSERT INTO employees (employee_id, first_name, last_name, email, phone_number, hire_date, job_id, salary, manager_id, department_id) VALUES (14, 'Mads', 'Pedersen', 'mads.pedersen@emineo.se', '+46 89266552', TO_DATE('2014-03-05', 'yyyy-mm-dd'), 'CONS', 8130.00, 5, 500);
INSERT INTO employees (employee_id, first_name, last_name, email, phone_number, hire_date, job_id, salary, manager_id, department_id) VALUES (16, 'Walter', 'Christensen ', 'walter.christensen@addpro.dk', '+45 78872870', TO_DATE('2005-04-09', 'yyyy-mm-dd'), 'CONS', 9600.00, 5, 600);
INSERT INTO employees (employee_id, first_name, last_name, email, phone_number, hire_date, job_id, salary, manager_id, department_id) VALUES (18, 'Victor', 'Andersen', 'victor.andersen@progressive.dk', '+45 31171018', TO_DATE('2002-09-17', 'yyyy-mm-dd'), 'CONS', 8530.00, 5, 700);
INSERT INTO employees (employee_id, first_name, last_name, email, phone_number, hire_date, job_id, salary, manager_id, department_id) VALUES (21, 'Michelle', 'Hansen', 'michelle.hansen@mentorit.dk', '+45 78817564', TO_DATE('2020-02-15', 'yyyy-mm-dd'), 'CONS', 8530.00, 5, 800);
INSERT INTO employees (employee_id, first_name, last_name, email, phone_number, hire_date, job_id, salary, manager_id, department_id) VALUES (22, 'Charlotte', 'Pedersen', 'charlotte.pedersen@mentorit.dk', '+45 54671610', TO_DATE('1990-10-29', 'yyyy-mm-dd'), 'CONS', 9860.00, 5, 900);
INSERT INTO employees (employee_id, first_name, last_name, email, phone_number, hire_date, job_id, salary, manager_id, department_id) VALUES (23, 'Naja', 'Pedersen', 'naja.pedersen@miracle42.dk', '+45 71492490', TO_DATE('2018-01-18', 'yyyy-mm-dd'), 'CONS', 8260.00, 5, 1000);
INSERT INTO employees (employee_id, first_name, last_name, email, phone_number, hire_date, job_id, salary, manager_id, department_id) VALUES (24, 'Josefine', 'Andersen', 'josefine.andersen@miracle42.dk', '+45 27311479', TO_DATE('2008-07-07', 'yyyy-mm-dd'), 'CONS', 9600.00, 5, 1100);
INSERT INTO employees (employee_id, first_name, last_name, email, phone_number, hire_date, job_id, salary, manager_id, department_id) VALUES (38, 'Jesper', 'Thomsen', 'jesper.thomsen@miracle42.dk', '+45 76282467', TO_DATE('2014-07-01', 'yyyy-mm-dd'), 'MGR', 6530.00, 6, 200);
INSERT INTO employees (employee_id, first_name, last_name, email, phone_number, hire_date, job_id, salary, manager_id, department_id) VALUES (39, 'Gustav', 'Petersen', 'gustav.petersen@emineo.se', '+46 83881118', TO_DATE('2016-02-13', 'yyyy-mm-dd'), 'MGR', 7330.00, 7, 300);
INSERT INTO employees (employee_id, first_name, last_name, email, phone_number, hire_date, job_id, salary, manager_id, department_id) VALUES (40, 'William', 'Nielsen', 'william.nielsen@miracle.fi', '+358 79094039', TO_DATE('1999-06-01', 'yyyy-mm-dd'), 'MGR', 6260.00, 9, 400);
INSERT INTO employees (employee_id, first_name, last_name, email, phone_number, hire_date, job_id, salary, manager_id, department_id) VALUES (41, 'Louise', 'Pedersen', 'louise.pedersen@emineo.se', '+46 75150160', TO_DATE('2002-10-28', 'yyyy-mm-dd'), 'MGR', 5600.00, 14, 500);
INSERT INTO employees (employee_id, first_name, last_name, email, phone_number, hire_date, job_id, salary, manager_id, department_id) VALUES (42, 'Rasmus', 'Larsen', 'rasmus.larsen@addpro.dk', '+45 87993780', TO_DATE('1994-05-17', 'yyyy-mm-dd'), 'MGR', 5460.00, 16, 600);
INSERT INTO employees (employee_id, first_name, last_name, email, phone_number, hire_date, job_id, salary, manager_id, department_id) VALUES (43, 'Merle', 'Nielsen', 'merle.nielsen@progressive.dk', '+45 82296784', TO_DATE('1995-11-13', 'yyyy-mm-dd'), 'MGR', 5730.00, 18, 700);
INSERT INTO employees (employee_id, first_name, last_name, email, phone_number, hire_date, job_id, salary, manager_id, department_id) VALUES (47, 'Anne', 'Hansen', 'anne.hansen@mentorit.dk', '+45 44126106', TO_DATE('2015-11-21', 'yyyy-mm-dd'), 'MGR', 7600.00, 21, 800);
INSERT INTO employees (employee_id, first_name, last_name, email, phone_number, hire_date, job_id, salary, manager_id, department_id) VALUES (51, 'Karina', 'Jensen', 'karina.jensen@mentorit.dk', '+45 19149885', TO_DATE('2002-03-27', 'yyyy-mm-dd'), 'MGR', 7460.00, 21, 900);
INSERT INTO employees (employee_id, first_name, last_name, email, phone_number, hire_date, job_id, salary, manager_id, department_id) VALUES (52, 'Adam', 'Jensen', 'adam.jensen@miracle42.dk', '+45 41961103', TO_DATE('1999-10-17', 'yyyy-mm-dd'), 'MGR', 7460.00, 22, 1000);
INSERT INTO employees (employee_id, first_name, last_name, email, phone_number, hire_date, job_id, salary, manager_id, department_id) VALUES (53, 'Sofia', 'Hansen', 'sofia.hansen@miracle42.dk', '+45 60155046', TO_DATE('1996-03-17', 'yyyy-mm-dd'), 'MGR', 6400.00, 24, 1100);
INSERT INTO employees (employee_id, first_name, last_name, email, phone_number, hire_date, job_id, salary, manager_id, department_id) VALUES (57, 'Arthur', 'Kristensen', 'arthur.kristensen@miracle42.dk', '+45 10692845', TO_DATE('2005-05-01', 'yyyy-mm-dd'), 'SNRMGR', 8530.00, 34, 100);
INSERT INTO employees (employee_id, first_name, last_name, email, phone_number, hire_date, job_id, salary, manager_id, department_id) VALUES (58, 'Caroline', 'Pedersen', 'caroline.pedersen@miracle42.dk', '+45 20390580', TO_DATE('2015-11-30', 'yyyy-mm-dd'), 'SNRMGR', 7060.00, 38, 200);
INSERT INTO employees (employee_id, first_name, last_name, email, phone_number, hire_date, job_id, salary, manager_id, department_id) VALUES (59, 'Eva', 'Hansen', 'eva.hansen@emineo.se', '+46 51484581', TO_DATE('2006-09-06', 'yyyy-mm-dd'), 'SNRMGR', 8400.00, 39, 300);
INSERT INTO employees (employee_id, first_name, last_name, email, phone_number, hire_date, job_id, salary, manager_id, department_id) VALUES (61, 'Elliot', 'Larsen', 'elliot.larsen@miracle.fi', '+358 12399323', TO_DATE('2008-09-16', 'yyyy-mm-dd'), 'SNRMGR', 8130.00, 40, 400);
INSERT INTO employees (employee_id, first_name, last_name, email, phone_number, hire_date, job_id, salary, manager_id, department_id) VALUES (63, 'Nohr', 'Andersen', 'nohr.andersen@emineo.se', '+46 50114299', TO_DATE('1996-01-04', 'yyyy-mm-dd'), 'SNRMGR', 9200.00, 41, 500);
INSERT INTO employees (employee_id, first_name, last_name, email, phone_number, hire_date, job_id, salary, manager_id, department_id) VALUES (64, 'Leonora', 'Hansen', 'leonora.hansen@addpro.dk', '+45 17976647', TO_DATE('1998-07-16', 'yyyy-mm-dd'), 'SNRMGR', 8400.00, 42, 600);
INSERT INTO employees (employee_id, first_name, last_name, email, phone_number, hire_date, job_id, salary, manager_id, department_id) VALUES (65, 'Simon', 'Madsen', 'simon.madsen@progressive.dk', '+45 55940838', TO_DATE('2003-02-28', 'yyyy-mm-dd'), 'SNRMGR', 8530.00, 43, 700);
INSERT INTO employees (employee_id, first_name, last_name, email, phone_number, hire_date, job_id, salary, manager_id, department_id) VALUES (66, 'Nanna', 'Petersen', 'nanna.petersen@mentorit.dk', '+45 48207118', TO_DATE('2008-08-18', 'yyyy-mm-dd'), 'SNRMGR', 8930.00, 47, 800);
INSERT INTO employees (employee_id, first_name, last_name, email, phone_number, hire_date, job_id, salary, manager_id, department_id) VALUES (67, 'Signe', 'Nielsen', 'signe.nielsen@mentorit.dk', '+45 85508400', TO_DATE('1997-01-23', 'yyyy-mm-dd'), 'SNRMGR', 8260.00, 51, 900);
INSERT INTO employees (employee_id, first_name, last_name, email, phone_number, hire_date, job_id, salary, manager_id, department_id) VALUES (74, 'Mark', 'Nielsen', 'mark.nielsen@miracle42.dk', '+45 49677623', TO_DATE('2010-03-27', 'yyyy-mm-dd'), 'SNRMGR', 7730.00, 52, 1000);
INSERT INTO employees (employee_id, first_name, last_name, email, phone_number, hire_date, job_id, salary, manager_id, department_id) VALUES (76, 'Ida', 'Olsen', 'ida.olsen@miracle42.dk', '+45 29036338', TO_DATE('2004-01-11', 'yyyy-mm-dd'), 'SNRMGR', 7060.00, 53, 1100);
INSERT INTO employees (employee_id, first_name, last_name, email, phone_number, hire_date, job_id, salary, manager_id, department_id) VALUES (77, 'Gry', 'Pedersen', 'gry.pedersen@emineo.se', '+46 68379330', TO_DATE('2017-12-30', 'yyyy-mm-dd'), 'TSC', 2660.00, 41, 500);
INSERT INTO employees (employee_id, first_name, last_name, email, phone_number, hire_date, job_id, salary, manager_id, department_id) VALUES (78, 'Signe', 'Petersen', 'signe.petersen@progressive.dk', '+45 74842328', TO_DATE('2004-10-29', 'yyyy-mm-dd'), 'SNRTSC', 3730.00, 43, 700);
INSERT INTO employees (employee_id, first_name, last_name, email, phone_number, hire_date, job_id, salary, manager_id, department_id) VALUES (79, 'Agnes', 'Jensen', 'agnes.jensen@miracle42.dk', '+45 72262084', TO_DATE('2015-08-06', 'yyyy-mm-dd'), 'CONS', 4660.00, 53, 1100);
INSERT INTO employees (employee_id, first_name, last_name, email, phone_number, hire_date, job_id, salary, manager_id, department_id) VALUES (83, 'Maja', 'Andersen', 'maja.andersen@miracle42.dk', '+45 78650300', TO_DATE('2016-03-20', 'yyyy-mm-dd'), 'SNRCONS', 6130.00, 34, 100);
INSERT INTO employees (employee_id, first_name, last_name, email, phone_number, hire_date, job_id, salary, manager_id, department_id) VALUES (84, 'Sigurd', 'Nielsen', 'sigurd.nielsen@miracle42.dk', '+45 62645154', TO_DATE('2013-11-28', 'yyyy-mm-dd'), 'CONS', 4800.00, 34, 100);
INSERT INTO employees (employee_id, first_name, last_name, email, phone_number, hire_date, job_id, salary, manager_id, department_id) VALUES (86, 'Emil', 'Nielsen', 'emil.nielsen@mentorit.dk', '+45 87773223', TO_DATE('2018-07-14', 'yyyy-mm-dd'), 'SNRCONS', 5600.00, 51, 900);
INSERT INTO employees (employee_id, first_name, last_name, email, phone_number, hire_date, job_id, salary, manager_id, department_id) VALUES (87, 'Ellie', 'Nielsen', 'ellie.nielsen@mentorit.dk', '+45 94834040', TO_DATE('1993-08-21', 'yyyy-mm-dd'), 'TSC', 3600.00, 47, 800);
INSERT INTO employees (employee_id, first_name, last_name, email, phone_number, hire_date, job_id, salary, manager_id, department_id) VALUES (88, 'Karla', 'Rasmussen', 'karla.rasmussen@emineo.se', '+46 75518898', TO_DATE('2014-05-08', 'yyyy-mm-dd'), 'SNRTSC', 4000.00, 41, 500);
INSERT INTO employees (employee_id, first_name, last_name, email, phone_number, hire_date, job_id, salary, manager_id, department_id) VALUES (89, 'Magnus', 'Pedersen', 'magnus.pedersen@emineo.se', '+46 91798477', TO_DATE('2002-11-15', 'yyyy-mm-dd'), 'CONS', 4660.00, 41, 500);
INSERT INTO employees (employee_id, first_name, last_name, email, phone_number, hire_date, job_id, salary, manager_id, department_id) VALUES (91, 'Nicklas', 'Madsen', 'nicklas.madsen@emineo.se', '+46 78496212', TO_DATE('2015-01-01', 'yyyy-mm-dd'), 'SNRCONS', 5200.00, 41, 500);
INSERT INTO employees (employee_id, first_name, last_name, email, phone_number, hire_date, job_id, salary, manager_id, department_id) VALUES (93, 'Anders', 'Nielsen', 'anders.nielsen@addpro.dk', '+45 18979499', TO_DATE('1991-03-26', 'yyyy-mm-dd'), 'TSC', 2800.00, 42, 600);
INSERT INTO employees (employee_id, first_name, last_name, email, phone_number, hire_date, job_id, salary, manager_id, department_id) VALUES (95, 'Patrick', 'Kristensen', 'patrick.kristensen@emineo.se', '+46 29544044', TO_DATE('1999-04-14', 'yyyy-mm-dd'), 'SNRTSC', 4130.00, 39, 300);
INSERT INTO employees (employee_id, first_name, last_name, email, phone_number, hire_date, job_id, salary, manager_id, department_id) VALUES (96, 'Walter', 'Nielsen', 'walter.nielsen@miracle.fi', '+358 94084277', TO_DATE('1993-06-03', 'yyyy-mm-dd'), 'CONS', 5330.00, 40, 400);
INSERT INTO employees (employee_id, first_name, last_name, email, phone_number, hire_date, job_id, salary, manager_id, department_id) VALUES (99, 'Anna', 'Petersen', 'anna.petersen@emineo.se', '+46 77190868', TO_DATE('2020-06-12', 'yyyy-mm-dd'), 'SNRCONS', 5860.00, 41, 500);
INSERT INTO employees (employee_id, first_name, last_name, email, phone_number, hire_date, job_id, salary, manager_id, department_id) VALUES (103, 'Ditte', 'Andersen', 'ditte.andersen@emineo.se', '+46 45807114', TO_DATE('2018-09-16', 'yyyy-mm-dd'), 'CONS', 4660.00, 39, 300);
INSERT INTO employees (employee_id, first_name, last_name, email, phone_number, hire_date, job_id, salary, manager_id, department_id) VALUES (105, 'Thomas', 'Pedersen', 'thomas.pedersen@miracle42.dk', '+45 82347699', TO_DATE('1996-10-08', 'yyyy-mm-dd'), 'SNRCONS', 6260.00, 53, 1100);
INSERT INTO employees (employee_id, first_name, last_name, email, phone_number, hire_date, job_id, salary, manager_id, department_id) VALUES (106, 'Lucas', 'Knudsen', 'lucas.knudsen@emineo.se', '+46 79530589', TO_DATE('1995-04-03', 'yyyy-mm-dd'), 'TSC', 4130.00, 39, 300);
INSERT INTO employees (employee_id, first_name, last_name, email, phone_number, hire_date, job_id, salary, manager_id, department_id) VALUES (107, 'Saga', 'Rasmussen', 'saga.rasmussen@miracle42.dk', '+45 74940297', TO_DATE('2018-04-02', 'yyyy-mm-dd'), 'SNRTSC', 5330.00, 34, 100);
INSERT INTO employees (employee_id, first_name, last_name, email, phone_number, hire_date, job_id, salary, manager_id, department_id) VALUES (108, 'Maja', 'Jensen', 'maja.jensen@miracle42.dk', '+45 46360183', TO_DATE('2002-01-28', 'yyyy-mm-dd'), 'CONS', 5730.00, 52, 1000);
INSERT INTO employees (employee_id, first_name, last_name, email, phone_number, hire_date, job_id, salary, manager_id, department_id) VALUES (115, 'Liva', 'Johansen', 'liva.johansen@mentorit.dk', '+45 29988689', TO_DATE('2005-06-05', 'yyyy-mm-dd'), 'SNRCONS', 4800.00, 51, 900);
INSERT INTO employees (employee_id, first_name, last_name, email, phone_number, hire_date, job_id, salary, manager_id, department_id) VALUES (116, 'Janni', 'Christensen ', 'janni.christensen@miracle42.dk', '+45 72069994', TO_DATE('1998-05-12', 'yyyy-mm-dd'), 'CONS', 4660.00, 38, 200);
INSERT INTO employees (employee_id, first_name, last_name, email, phone_number, hire_date, job_id, salary, manager_id, department_id) VALUES (117, 'Emma', 'Sørensen', 'emma.sorensen@emineo.se', '+46 14470643', TO_DATE('2004-04-21', 'yyyy-mm-dd'), 'SNRCONS', 7060.00, 41, 500);
INSERT INTO employees (employee_id, first_name, last_name, email, phone_number, hire_date, job_id, salary, manager_id, department_id) VALUES (123, 'Frida', 'Pedersen', 'frida.pedersen@mentorit.dk', '+45 52642816', TO_DATE('1994-01-20', 'yyyy-mm-dd'), 'TSC', 4000.00, 47, 800);
INSERT INTO employees (employee_id, first_name, last_name, email, phone_number, hire_date, job_id, salary, manager_id, department_id) VALUES (124, 'Aksel', 'Jensen', 'aksel.jensen@miracle42.dk', '+45 94495949', TO_DATE('2011-01-10', 'yyyy-mm-dd'), 'SNRTSC', 4530.00, 52, 1000);
INSERT INTO employees (employee_id, first_name, last_name, email, phone_number, hire_date, job_id, salary, manager_id, department_id) VALUES (127, 'Alma', 'Jensen', 'alma.jensen@mentorit.dk', '+45 26705014', TO_DATE('2001-01-30', 'yyyy-mm-dd'), 'CONS', 5460.00, 47, 800);
INSERT INTO employees (employee_id, first_name, last_name, email, phone_number, hire_date, job_id, salary, manager_id, department_id) VALUES (129, 'Karl', 'Rasmussen', 'karl.rasmussen@miracle42.dk', '+45 75374072', TO_DATE('1991-05-20', 'yyyy-mm-dd'), 'CONS', 3330.00, 53, 1100);
INSERT INTO employees (employee_id, first_name, last_name, email, phone_number, hire_date, job_id, salary, manager_id, department_id) VALUES (137, 'Frederik', 'Jørgensen ', 'frederik.jorgensen@miracle42.dk', '+45 62277176', TO_DATE('2010-03-01', 'yyyy-mm-dd'), 'SNRCONS', 6530.00, 53, 1100);
INSERT INTO employees (employee_id, first_name, last_name, email, phone_number, hire_date, job_id, salary, manager_id, department_id) VALUES (142, 'Ditte', 'Jensen', 'ditte.jensen@emineo.se', '+46 83640156', TO_DATE('2002-05-18', 'yyyy-mm-dd'), 'TSC', 4000.00, 41, 500);
INSERT INTO employees (employee_id, first_name, last_name, email, phone_number, hire_date, job_id, salary, manager_id, department_id) VALUES (143, 'Mikkel', 'Rasmussen', 'mikkel.rasmussen@mentorit.dk', '+45 72306779', TO_DATE('2015-08-18', 'yyyy-mm-dd'), 'SNRTSC', 5330.00, 47, 800);
INSERT INTO employees (employee_id, first_name, last_name, email, phone_number, hire_date, job_id, salary, manager_id, department_id) VALUES (150, 'Asta', 'Olsen', 'asta.olsen@addpro.dk', '+45 18339540', TO_DATE('1996-09-27', 'yyyy-mm-dd'), 'CONS', 4260.00, 42, 600);
INSERT INTO employees (employee_id, first_name, last_name, email, phone_number, hire_date, job_id, salary, manager_id, department_id) VALUES (652, 'Merle', 'Sørensen', 'merle.sorensen@miracle42.dk', '+45 10318011', TO_DATE('2013-11-05', 'yyyy-mm-dd'), 'SNRCONS', 4930.00, 34, 100);
INSERT INTO employees (employee_id, first_name, last_name, email, phone_number, hire_date, job_id, salary, manager_id, department_id) VALUES (188, 'Albert', 'Sørensen', 'albert.sorensen@miracle42.dk', '+45 13548653', TO_DATE('2005-08-22', 'yyyy-mm-dd'), 'TSC', 4130.00, 34, 100);
INSERT INTO employees (employee_id, first_name, last_name, email, phone_number, hire_date, job_id, salary, manager_id, department_id) VALUES (738, 'Sebastian', 'Jørgensen ', 'sebastian.jorgensen@miracle42.dk', '+45 67692848', TO_DATE('2009-02-20', 'yyyy-mm-dd'), 'SNRCONS', 5060.00, 53, 1100);
INSERT INTO employees (employee_id, first_name, last_name, email, phone_number, hire_date, job_id, salary, manager_id, department_id) VALUES (5, 'Mia', 'Andersen', 'mia.andersen@miracle42.dk', '+45 71793823', TO_DATE('2014-10-19', 'yyyy-mm-dd'), 'CEO', 9200.00, 0, 100);
INSERT INTO employees (employee_id, first_name, last_name, email, phone_number, hire_date, job_id, salary, manager_id, department_id) VALUES (151, 'Simone', 'Pedersen', 'simone.pedersen@mentorit.dk', '+45 85755946', TO_DATE('2012-10-12', 'yyyy-mm-dd'), 'SNRCONS', 6800.00, 47, 800);
INSERT INTO employees (employee_id, first_name, last_name, email, phone_number, hire_date, job_id, salary, manager_id, department_id) VALUES (153, 'Freja', 'Pedersen', 'freja.pedersen@progressive.dk', '+45 98789903', TO_DATE('2007-01-27', 'yyyy-mm-dd'), 'CONS', 4660.00, 43, 700);
INSERT INTO employees (employee_id, first_name, last_name, email, phone_number, hire_date, job_id, salary, manager_id, department_id) VALUES (157, 'Rebecca', 'Sørensen', 'rebecca.sorensen@mentorit.dk', '+45 37041718', TO_DATE('1994-03-03', 'yyyy-mm-dd'), 'TSC', 3600.00, 47, 800);
INSERT INTO employees (employee_id, first_name, last_name, email, phone_number, hire_date, job_id, salary, manager_id, department_id) VALUES (159, 'Nikolaj', 'Kristensen', 'nikolaj.kristensen@miracle42.dk', '+45 35717061', TO_DATE('1999-07-03', 'yyyy-mm-dd'), 'SNRTSC', 4400.00, 52, 1000);
INSERT INTO employees (employee_id, first_name, last_name, email, phone_number, hire_date, job_id, salary, manager_id, department_id) VALUES (160, 'Jonathan', 'Jensen', 'jonathan.jensen@mentorit.dk', '+45 84612379', TO_DATE('2020-01-04', 'yyyy-mm-dd'), 'CONS', 5730.00, 51, 900);
INSERT INTO employees (employee_id, first_name, last_name, email, phone_number, hire_date, job_id, salary, manager_id, department_id) VALUES (34, 'Alexander', 'Sørensen', 'alexander.sorensen@miracle42.dk', '+45 19218321', TO_DATE('2000-05-08', 'yyyy-mm-dd'), 'MGR', 5600.00, 5, 100);
INSERT INTO employees (employee_id, first_name, last_name, email, phone_number, hire_date, job_id, salary, manager_id, department_id) VALUES (154, 'Anders', 'Jørgensen ', 'anders.jorgensen@miracle42.dk', '+45 77345847', TO_DATE('1997-10-13', 'yyyy-mm-dd'), 'SNRCONS', 4930.00, 38, 200);
INSERT INTO employees (employee_id, first_name, last_name, email, phone_number, hire_date, job_id, salary, manager_id, department_id) VALUES (128, 'Andrea', 'Jørgensen ', 'andrea.jorgensen@mentorit.dk', '+45 96845601', TO_DATE('2005-01-30', 'yyyy-mm-dd'), 'SNRCONS', 5200.00, 47, 800);
INSERT INTO employees (employee_id, first_name, last_name, email, phone_number, hire_date, job_id, salary, manager_id, department_id) VALUES (161, 'Sofie', 'Kristensen', 'sofie.kristensen@miracle42.dk', '+45 47410770', TO_DATE('2018-05-21', 'yyyy-mm-dd'), 'SNRCONS', 6000.00, 53, 1100);
INSERT INTO employees (employee_id, first_name, last_name, email, phone_number, hire_date, job_id, salary, manager_id, department_id) VALUES (163, 'Matheo', 'Larsen', 'matheo.larsen@miracle.fi', '+358 27769003', TO_DATE('2008-03-22', 'yyyy-mm-dd'), 'SNRCONS', 6530.00, 40, 400);
INSERT INTO employees (employee_id, first_name, last_name, email, phone_number, hire_date, job_id, salary, manager_id, department_id) VALUES (165, 'Emilie', 'Nielsen', 'emilie.nielsen@miracle42.dk', '+45 20025653', TO_DATE('2018-06-29', 'yyyy-mm-dd'), 'TSC', 3200.00, 52, 1000);
INSERT INTO employees (employee_id, first_name, last_name, email, phone_number, hire_date, job_id, salary, manager_id, department_id) VALUES (166, 'Elias', 'Nielsen', 'elias.nielsen@progressive.dk', '+45 12935690', TO_DATE('2018-04-07', 'yyyy-mm-dd'), 'SNRTSC', 3730.00, 43, 700);
INSERT INTO employees (employee_id, first_name, last_name, email, phone_number, hire_date, job_id, salary, manager_id, department_id) VALUES (167, 'Victoria', 'Andersen', 'victoria.andersen@emineo.se', '+46 95302013', TO_DATE('2016-12-29', 'yyyy-mm-dd'), 'CONS', 3730.00, 41, 500);
INSERT INTO employees (employee_id, first_name, last_name, email, phone_number, hire_date, job_id, salary, manager_id, department_id) VALUES (168, 'Ella', 'Christensen ', 'ella.christensen@miracle.fi', '+358 75780996', TO_DATE('1995-01-11', 'yyyy-mm-dd'), 'SNRCONS', 4930.00, 40, 400);
INSERT INTO employees (employee_id, first_name, last_name, email, phone_number, hire_date, job_id, salary, manager_id, department_id) VALUES (169, 'Astrid', 'Hansen', 'astrid.hansen@mentorit.dk', '+45 66704391', TO_DATE('1992-05-02', 'yyyy-mm-dd'), 'TSC', 3600.00, 51, 900);
INSERT INTO employees (employee_id, first_name, last_name, email, phone_number, hire_date, job_id, salary, manager_id, department_id) VALUES (170, 'Sander', 'Nielsen', 'sander.nielsen@miracle42.dk', '+45 70921974', TO_DATE('2019-01-01', 'yyyy-mm-dd'), 'SNRTSC', 3860.00, 38, 200);
INSERT INTO employees (employee_id, first_name, last_name, email, phone_number, hire_date, job_id, salary, manager_id, department_id) VALUES (171, 'Anker', 'Nielsen', 'anker.nielsen@miracle.fi', '+358 78875322', TO_DATE('2013-06-07', 'yyyy-mm-dd'), 'CONS', 4530.00, 40, 400);
INSERT INTO employees (employee_id, first_name, last_name, email, phone_number, hire_date, job_id, salary, manager_id, department_id) VALUES (172, 'Christina', 'Jensen', 'christina.jensen@miracle.fi', '+358 33144187', TO_DATE('2010-06-16', 'yyyy-mm-dd'), 'SNRCONS', 5060.00, 40, 400);
INSERT INTO employees (employee_id, first_name, last_name, email, phone_number, hire_date, job_id, salary, manager_id, department_id) VALUES (177, 'Nicklas', 'Pedersen', 'nicklas.pedersen@emineo.se', '+46 94552385', TO_DATE('1991-01-29', 'yyyy-mm-dd'), 'CONS', 4130.00, 41, 500);
INSERT INTO employees (employee_id, first_name, last_name, email, phone_number, hire_date, job_id, salary, manager_id, department_id) VALUES (180, 'Marie', 'Christensen ', 'marie.christensen@miracle42.dk', '+45 64874605', TO_DATE('2003-02-03', 'yyyy-mm-dd'), 'SNRCONS', 7060.00, 52, 1000);
INSERT INTO employees (employee_id, first_name, last_name, email, phone_number, hire_date, job_id, salary, manager_id, department_id) VALUES (192, 'Jesper', 'Knudsen', 'jesper.knudsen@addpro.dk', '+45 73447819', TO_DATE('2006-12-19', 'yyyy-mm-dd'), 'SNRTSC', 5730.00, 42, 600);
INSERT INTO employees (employee_id, first_name, last_name, email, phone_number, hire_date, job_id, salary, manager_id, department_id) VALUES (194, 'Jesper', 'Petersen', 'jesper.petersen@addpro.dk', '+45 95959103', TO_DATE('1993-04-01', 'yyyy-mm-dd'), 'CONS', 3860.00, 42, 600);
INSERT INTO employees (employee_id, first_name, last_name, email, phone_number, hire_date, job_id, salary, manager_id, department_id) VALUES (196, 'Nicolai', 'Larsen', 'nicolai.larsen@emineo.se', '+46 41066849', TO_DATE('2018-05-07', 'yyyy-mm-dd'), 'SNRCONS', 5200.00, 39, 300);
INSERT INTO employees (employee_id, first_name, last_name, email, phone_number, hire_date, job_id, salary, manager_id, department_id) VALUES (197, 'Jeppe', 'Møller', 'jeppe.moller@progressive.dk', '+45 85507505', TO_DATE('2006-04-25', 'yyyy-mm-dd'), 'TSC', 2800.00, 43, 700);
INSERT INTO employees (employee_id, first_name, last_name, email, phone_number, hire_date, job_id, salary, manager_id, department_id) VALUES (198, 'Anker', 'Petersen', 'anker.petersen@miracle.fi', '+358 80306256', TO_DATE('2013-11-20', 'yyyy-mm-dd'), 'TSC', 3330.00, 40, 400);
INSERT INTO employees (employee_id, first_name, last_name, email, phone_number, hire_date, job_id, salary, manager_id, department_id) VALUES (199, 'Martin', 'Nielsen', 'martin.nielsen@addpro.dk', '+45 63568174', TO_DATE('1991-06-04', 'yyyy-mm-dd'), 'SNRTSC', 5860.00, 42, 600);
INSERT INTO employees (employee_id, first_name, last_name, email, phone_number, hire_date, job_id, salary, manager_id, department_id) VALUES (200, 'Anna', 'Pedersen', 'anna.pedersen@progressive.dk', '+45 14876792', TO_DATE('2004-11-22', 'yyyy-mm-dd'), 'CONS', 5600.00, 43, 700);
INSERT INTO employees (employee_id, first_name, last_name, email, phone_number, hire_date, job_id, salary, manager_id, department_id) VALUES (201, 'Sara', 'Nielsen', 'sara.nielsen@progressive.dk', '+45 42014778', TO_DATE('2009-06-24', 'yyyy-mm-dd'), 'SNRCONS', 5060.00, 43, 700);
INSERT INTO employees (employee_id, first_name, last_name, email, phone_number, hire_date, job_id, salary, manager_id, department_id) VALUES (202, 'Jonas', 'Rasmussen', 'jonas.rasmussen@addpro.dk', '+45 88166516', TO_DATE('1993-02-02', 'yyyy-mm-dd'), 'CONS', 4930.00, 42, 600);
INSERT INTO employees (employee_id, first_name, last_name, email, phone_number, hire_date, job_id, salary, manager_id, department_id) VALUES (204, 'Alfred', 'Rasmussen', 'alfred.rasmussen@addpro.dk', '+45 71792102', TO_DATE('2011-09-07', 'yyyy-mm-dd'), 'SNRCONS', 4930.00, 42, 600);
INSERT INTO employees (employee_id, first_name, last_name, email, phone_number, hire_date, job_id, salary, manager_id, department_id) VALUES (207, 'Oscar', 'Christensen ', 'oscar.christensen@miracle.fi', '+358 52006887', TO_DATE('2011-02-28', 'yyyy-mm-dd'), 'TSC', 3460.00, 40, 400);
INSERT INTO employees (employee_id, first_name, last_name, email, phone_number, hire_date, job_id, salary, manager_id, department_id) VALUES (209, 'Malene', 'Jensen', 'malene.jensen@addpro.dk', '+45 91979224', TO_DATE('2003-05-25', 'yyyy-mm-dd'), 'SNRTSC', 3460.00, 42, 600);
INSERT INTO employees (employee_id, first_name, last_name, email, phone_number, hire_date, job_id, salary, manager_id, department_id) VALUES (212, 'Andreas', 'Petersen', 'andreas.petersen@emineo.se', '+46 28563193', TO_DATE('2012-02-20', 'yyyy-mm-dd'), 'CONS', 5860.00, 41, 500);
INSERT INTO employees (employee_id, first_name, last_name, email, phone_number, hire_date, job_id, salary, manager_id, department_id) VALUES (217, 'Freja', 'Jørgensen ', 'freja.jorgensen@addpro.dk', '+45 68445430', TO_DATE('1995-03-06', 'yyyy-mm-dd'), 'SNRCONS', 7060.00, 42, 600);
INSERT INTO employees (employee_id, first_name, last_name, email, phone_number, hire_date, job_id, salary, manager_id, department_id) VALUES (220, 'Emily', 'Nielsen', 'emily.nielsen@emineo.se', '+46 87040158', TO_DATE('1994-07-01', 'yyyy-mm-dd'), 'TSC', 2660.00, 41, 500);
INSERT INTO employees (employee_id, first_name, last_name, email, phone_number, hire_date, job_id, salary, manager_id, department_id) VALUES (225, 'Luna', 'Jensen', 'luna.jensen@progressive.dk', '+45 89029176', TO_DATE('2001-01-21', 'yyyy-mm-dd'), 'SNRTSC', 3460.00, 43, 700);
INSERT INTO employees (employee_id, first_name, last_name, email, phone_number, hire_date, job_id, salary, manager_id, department_id) VALUES (226, 'Stine', 'Olsen', 'stine.olsen@miracle.fi', '+358 67967085', TO_DATE('2017-01-15', 'yyyy-mm-dd'), 'CONS', 3860.00, 40, 400);
INSERT INTO employees (employee_id, first_name, last_name, email, phone_number, hire_date, job_id, salary, manager_id, department_id) VALUES (231, 'Johan', 'Larsen', 'johan.larsen@addpro.dk', '+45 38363115', TO_DATE('2004-10-19', 'yyyy-mm-dd'), 'SNRCONS', 4660.00, 42, 600);
INSERT INTO employees (employee_id, first_name, last_name, email, phone_number, hire_date, job_id, salary, manager_id, department_id) VALUES (238, 'Thomas', 'Møller', 'thomas.moller@emineo.se', '+46 76184670', TO_DATE('1999-06-29', 'yyyy-mm-dd'), 'CONS', 5330.00, 41, 500);
INSERT INTO employees (employee_id, first_name, last_name, email, phone_number, hire_date, job_id, salary, manager_id, department_id) VALUES (240, 'Milas', 'Hansen', 'milas.hansen@mentorit.dk', '+45 34393824', TO_DATE('2013-06-03', 'yyyy-mm-dd'), 'SNRCONS', 4800.00, 47, 800);
INSERT INTO employees (employee_id, first_name, last_name, email, phone_number, hire_date, job_id, salary, manager_id, department_id) VALUES (242, 'Mia', 'Sørensen', 'mia.sorensen@miracle.fi', '+358 24220314', TO_DATE('2018-07-13', 'yyyy-mm-dd'), 'TSC', 5200.00, 40, 400);
INSERT INTO employees (employee_id, first_name, last_name, email, phone_number, hire_date, job_id, salary, manager_id, department_id) VALUES (244, 'Patrick', 'Larsen', 'patrick.larsen@progressive.dk', '+45 43464246', TO_DATE('2008-10-18', 'yyyy-mm-dd'), 'SNRTSC', 5060.00, 43, 700);
INSERT INTO employees (employee_id, first_name, last_name, email, phone_number, hire_date, job_id, salary, manager_id, department_id) VALUES (245, 'Thor', 'Pedersen', 'thor.pedersen@miracle.fi', '+358 73245059', TO_DATE('2004-09-13', 'yyyy-mm-dd'), 'CONS', 4130.00, 40, 400);
INSERT INTO employees (employee_id, first_name, last_name, email, phone_number, hire_date, job_id, salary, manager_id, department_id) VALUES (246, 'Kim', 'Nielsen', 'kim.nielsen@miracle42.dk', '+45 99497765', TO_DATE('1999-02-08', 'yyyy-mm-dd'), 'SNRCONS', 4800.00, 52, 1000);
INSERT INTO employees (employee_id, first_name, last_name, email, phone_number, hire_date, job_id, salary, manager_id, department_id) VALUES (249, 'Peter', 'Jensen', 'peter.jensen@miracle42.dk', '+45 64907963', TO_DATE('1991-02-01', 'yyyy-mm-dd'), 'TSC', 4260.00, 52, 1000);
INSERT INTO employees (employee_id, first_name, last_name, email, phone_number, hire_date, job_id, salary, manager_id, department_id) VALUES (251, 'Tilde', 'Pedersen', 'tilde.pedersen@miracle42.dk', '+45 56696167', TO_DATE('2005-08-01', 'yyyy-mm-dd'), 'SNRTSC', 3330.00, 38, 200);
INSERT INTO employees (employee_id, first_name, last_name, email, phone_number, hire_date, job_id, salary, manager_id, department_id) VALUES (259, 'Mikkel', 'Hansen', 'mikkel.hansen@miracle42.dk', '+45 64182545', TO_DATE('2010-08-10', 'yyyy-mm-dd'), 'CONS', 3730.00, 52, 1000);
INSERT INTO employees (employee_id, first_name, last_name, email, phone_number, hire_date, job_id, salary, manager_id, department_id) VALUES (260, 'Julie', 'Hansen', 'julie.hansen@emineo.se', '+46 84875909', TO_DATE('2015-07-11', 'yyyy-mm-dd'), 'SNRCONS', 6130.00, 41, 500);
INSERT INTO employees (employee_id, first_name, last_name, email, phone_number, hire_date, job_id, salary, manager_id, department_id) VALUES (262, 'Christoffer', 'Petersen', 'christoffer.petersen@emineo.se', '+46 74454699', TO_DATE('1998-04-11', 'yyyy-mm-dd'), 'CONS', 3860.00, 41, 500);
INSERT INTO employees (employee_id, first_name, last_name, email, phone_number, hire_date, job_id, salary, manager_id, department_id) VALUES (265, 'Laura', 'Kristensen', 'laura.kristensen@emineo.se', '+46 32469970', TO_DATE('2013-10-01', 'yyyy-mm-dd'), 'SNRCONS', 5060.00, 41, 500);
INSERT INTO employees (employee_id, first_name, last_name, email, phone_number, hire_date, job_id, salary, manager_id, department_id) VALUES (266, 'Johan', 'Jensen', 'johan.jensen@addpro.dk', '+45 38411473', TO_DATE('2006-04-29', 'yyyy-mm-dd'), 'TSC', 3060.00, 42, 600);
INSERT INTO employees (employee_id, first_name, last_name, email, phone_number, hire_date, job_id, salary, manager_id, department_id) VALUES (267, 'Christian', 'Pedersen', 'christian.pedersen@mentorit.dk', '+45 66481788', TO_DATE('1998-05-10', 'yyyy-mm-dd'), 'SNRTSC', 4530.00, 47, 800);
INSERT INTO employees (employee_id, first_name, last_name, email, phone_number, hire_date, job_id, salary, manager_id, department_id) VALUES (272, 'Erik', 'Hansen', 'erik.hansen@miracle.fi', '+358 39057737', TO_DATE('2006-01-14', 'yyyy-mm-dd'), 'CONS', 3730.00, 40, 400);
INSERT INTO employees (employee_id, first_name, last_name, email, phone_number, hire_date, job_id, salary, manager_id, department_id) VALUES (278, 'Mette', 'Sørensen', 'mette.sorensen@emineo.se', '+46 84677221', TO_DATE('1992-07-08', 'yyyy-mm-dd'), 'SNRCONS', 6800.00, 39, 300);
INSERT INTO employees (employee_id, first_name, last_name, email, phone_number, hire_date, job_id, salary, manager_id, department_id) VALUES (279, 'Jens', 'Christensen ', 'jens.christensen@emineo.se', '+46 73818870', TO_DATE('2015-12-03', 'yyyy-mm-dd'), 'SNRTSC', 4660.00, 41, 500);
INSERT INTO employees (employee_id, first_name, last_name, email, phone_number, hire_date, job_id, salary, manager_id, department_id) VALUES (284, 'Victor', 'Jensen', 'victor.jensen@miracle42.dk', '+45 10556380', TO_DATE('1999-02-08', 'yyyy-mm-dd'), 'CONS', 5060.00, 34, 100);
INSERT INTO employees (employee_id, first_name, last_name, email, phone_number, hire_date, job_id, salary, manager_id, department_id) VALUES (285, 'Liam', 'Olsen', 'liam.olsen@mentorit.dk', '+45 55888147', TO_DATE('2013-11-25', 'yyyy-mm-dd'), 'TSC', 3460.00, 51, 900);
INSERT INTO employees (employee_id, first_name, last_name, email, phone_number, hire_date, job_id, salary, manager_id, department_id) VALUES (286, 'Rasmus', 'Jensen', 'rasmus.jensen@miracle42.dk', '+45 44429668', TO_DATE('2013-10-01', 'yyyy-mm-dd'), 'SNRTSC', 5200.00, 52, 1000);
INSERT INTO employees (employee_id, first_name, last_name, email, phone_number, hire_date, job_id, salary, manager_id, department_id) VALUES (295, 'Marie', 'Nielsen', 'marie.nielsen@miracle.fi', '+358 28533159', TO_DATE('1996-05-26', 'yyyy-mm-dd'), 'CONS', 4530.00, 40, 400);
INSERT INTO employees (employee_id, first_name, last_name, email, phone_number, hire_date, job_id, salary, manager_id, department_id) VALUES (300, 'Stine', 'Andersen', 'stine.andersen@miracle42.dk', '+45 51762218', TO_DATE('2018-09-04', 'yyyy-mm-dd'), 'SNRCONS', 6130.00, 52, 1000);
INSERT INTO employees (employee_id, first_name, last_name, email, phone_number, hire_date, job_id, salary, manager_id, department_id) VALUES (301, 'Molly', 'Pedersen', 'molly.pedersen@mentorit.dk', '+45 43972094', TO_DATE('2016-09-26', 'yyyy-mm-dd'), 'CONS', 4400.00, 47, 800);
INSERT INTO employees (employee_id, first_name, last_name, email, phone_number, hire_date, job_id, salary, manager_id, department_id) VALUES (302, 'Vilma', 'Nielsen', 'vilma.nielsen@miracle42.dk', '+45 62952190', TO_DATE('2019-08-18', 'yyyy-mm-dd'), 'SNRCONS', 6000.00, 38, 200);
INSERT INTO employees (employee_id, first_name, last_name, email, phone_number, hire_date, job_id, salary, manager_id, department_id) VALUES (303, 'Christian', 'Jensen', 'christian.jensen@mentorit.dk', '+45 28075774', TO_DATE('2017-01-02', 'yyyy-mm-dd'), 'TSC', 4660.00, 47, 800);
INSERT INTO employees (employee_id, first_name, last_name, email, phone_number, hire_date, job_id, salary, manager_id, department_id) VALUES (304, 'Malou', 'Jensen', 'malou.jensen@miracle42.dk', '+45 23029303', TO_DATE('2012-01-26', 'yyyy-mm-dd'), 'SNRTSC', 4930.00, 53, 1100);
INSERT INTO employees (employee_id, first_name, last_name, email, phone_number, hire_date, job_id, salary, manager_id, department_id) VALUES (305, 'Philip', 'Sørensen', 'philip.sorensen@mentorit.dk', '+45 67574692', TO_DATE('2018-07-22', 'yyyy-mm-dd'), 'CONS', 4130.00, 51, 900);
INSERT INTO employees (employee_id, first_name, last_name, email, phone_number, hire_date, job_id, salary, manager_id, department_id) VALUES (306, 'Lasse', 'Kristensen', 'lasse.kristensen@miracle42.dk', '+45 85155860', TO_DATE('2013-03-15', 'yyyy-mm-dd'), 'SNRCONS', 6530.00, 34, 100);
INSERT INTO employees (employee_id, first_name, last_name, email, phone_number, hire_date, job_id, salary, manager_id, department_id) VALUES (315, 'Viggo', 'Andersen', 'viggo.andersen@addpro.dk', '+45 70559647', TO_DATE('2013-03-16', 'yyyy-mm-dd'), 'TSC', 4400.00, 42, 600);
INSERT INTO employees (employee_id, first_name, last_name, email, phone_number, hire_date, job_id, salary, manager_id, department_id) VALUES (316, 'Daniel', 'Jørgensen ', 'daniel.jorgensen@mentorit.dk', '+45 78233349', TO_DATE('2003-11-08', 'yyyy-mm-dd'), 'SNRTSC', 4530.00, 51, 900);
INSERT INTO employees (employee_id, first_name, last_name, email, phone_number, hire_date, job_id, salary, manager_id, department_id) VALUES (319, 'Johanne', 'Larsen', 'johanne.larsen@mentorit.dk', '+45 80589028', TO_DATE('2000-03-16', 'yyyy-mm-dd'), 'CONS', 5730.00, 47, 800);
INSERT INTO employees (employee_id, first_name, last_name, email, phone_number, hire_date, job_id, salary, manager_id, department_id) VALUES (322, 'Patrick', 'Møller', 'patrick.moller@mentorit.dk', '+45 46668915', TO_DATE('2013-02-01', 'yyyy-mm-dd'), 'SNRCONS', 6400.00, 47, 800);
INSERT INTO employees (employee_id, first_name, last_name, email, phone_number, hire_date, job_id, salary, manager_id, department_id) VALUES (323, 'Helle', 'Pedersen', 'helle.pedersen@miracle42.dk', '+45 10772952', TO_DATE('2019-06-22', 'yyyy-mm-dd'), 'CONS', 4800.00, 38, 200);
INSERT INTO employees (employee_id, first_name, last_name, email, phone_number, hire_date, job_id, salary, manager_id, department_id) VALUES (324, 'Asger', 'Hansen', 'asger.hansen@miracle42.dk', '+45 65108335', TO_DATE('1992-07-20', 'yyyy-mm-dd'), 'SNRCONS', 6530.00, 52, 1000);
INSERT INTO employees (employee_id, first_name, last_name, email, phone_number, hire_date, job_id, salary, manager_id, department_id) VALUES (325, 'Clara', 'Andersen', 'clara.andersen@miracle.fi', '+358 11744819', TO_DATE('2017-09-03', 'yyyy-mm-dd'), 'TSC', 4400.00, 40, 400);
INSERT INTO employees (employee_id, first_name, last_name, email, phone_number, hire_date, job_id, salary, manager_id, department_id) VALUES (326, 'Theo', 'Hansen', 'theo.hansen@mentorit.dk', '+45 16638701', TO_DATE('2015-10-17', 'yyyy-mm-dd'), 'SNRTSC', 5330.00, 47, 800);
INSERT INTO employees (employee_id, first_name, last_name, email, phone_number, hire_date, job_id, salary, manager_id, department_id) VALUES (314, 'Camilla', 'Møller', 'camilla.moller@miracle42.dk', '+45 89125414', TO_DATE('2003-01-07', 'yyyy-mm-dd'), 'SNRTSC', 3600.00, 34, 100);
INSERT INTO employees (employee_id, first_name, last_name, email, phone_number, hire_date, job_id, salary, manager_id, department_id) VALUES (330, 'Rosa', 'Rasmussen', 'rosa.rasmussen@miracle42.dk', '+45 97500725', TO_DATE('2020-05-26', 'yyyy-mm-dd'), 'CONS', 4260.00, 38, 200);
INSERT INTO employees (employee_id, first_name, last_name, email, phone_number, hire_date, job_id, salary, manager_id, department_id) VALUES (332, 'Oscar', 'Johansen', 'oscar.johansen@miracle42.dk', '+45 83330580', TO_DATE('2007-08-04', 'yyyy-mm-dd'), 'SNRCONS', 4800.00, 34, 100);
INSERT INTO employees (employee_id, first_name, last_name, email, phone_number, hire_date, job_id, salary, manager_id, department_id) VALUES (333, 'Michael', 'Hansen', 'michael.hansen@miracle42.dk', '+45 70873441', TO_DATE('1992-09-21', 'yyyy-mm-dd'), 'TSC', 4260.00, 52, 1000);
INSERT INTO employees (employee_id, first_name, last_name, email, phone_number, hire_date, job_id, salary, manager_id, department_id) VALUES (334, 'Viggo', 'Jensen', 'viggo.jensen@addpro.dk', '+45 76106021', TO_DATE('2004-08-15', 'yyyy-mm-dd'), 'SNRTSC', 5730.00, 42, 600);
INSERT INTO employees (employee_id, first_name, last_name, email, phone_number, hire_date, job_id, salary, manager_id, department_id) VALUES (341, 'Peter', 'Olsen', 'peter.olsen@addpro.dk', '+45 97086935', TO_DATE('2012-07-25', 'yyyy-mm-dd'), 'CONS', 4130.00, 42, 600);
INSERT INTO employees (employee_id, first_name, last_name, email, phone_number, hire_date, job_id, salary, manager_id, department_id) VALUES (343, 'Morten', 'Petersen', 'morten.petersen@addpro.dk', '+45 42474169', TO_DATE('2000-02-01', 'yyyy-mm-dd'), 'SNRCONS', 5200.00, 42, 600);
INSERT INTO employees (employee_id, first_name, last_name, email, phone_number, hire_date, job_id, salary, manager_id, department_id) VALUES (344, 'Hannah', 'Petersen', 'hannah.petersen@miracle42.dk', '+45 73569998', TO_DATE('2019-09-05', 'yyyy-mm-dd'), 'TSC', 3460.00, 53, 1100);
INSERT INTO employees (employee_id, first_name, last_name, email, phone_number, hire_date, job_id, salary, manager_id, department_id) VALUES (349, 'Lauge', 'Madsen', 'lauge.madsen@progressive.dk', '+45 48217873', TO_DATE('1991-08-03', 'yyyy-mm-dd'), 'SNRTSC', 5600.00, 43, 700);
INSERT INTO employees (employee_id, first_name, last_name, email, phone_number, hire_date, job_id, salary, manager_id, department_id) VALUES (351, 'Theo', 'Poulsen', 'theo.poulsen@miracle42.dk', '+45 70700454', TO_DATE('2020-02-17', 'yyyy-mm-dd'), 'CONS', 4800.00, 52, 1000);
INSERT INTO employees (employee_id, first_name, last_name, email, phone_number, hire_date, job_id, salary, manager_id, department_id) VALUES (359, 'Selma', 'Nielsen', 'selma.nielsen@emineo.se', '+46 21419874', TO_DATE('2001-05-25', 'yyyy-mm-dd'), 'SNRCONS', 5860.00, 41, 500);
INSERT INTO employees (employee_id, first_name, last_name, email, phone_number, hire_date, job_id, salary, manager_id, department_id) VALUES (362, 'Alfred', 'Jensen', 'alfred.jensen@mentorit.dk', '+45 29593837', TO_DATE('1998-07-14', 'yyyy-mm-dd'), 'CONS', 4000.00, 47, 800);
INSERT INTO employees (employee_id, first_name, last_name, email, phone_number, hire_date, job_id, salary, manager_id, department_id) VALUES (363, 'Tobias', 'Jensen', 'tobias.jensen@addpro.dk', '+45 78229947', TO_DATE('2010-06-24', 'yyyy-mm-dd'), 'SNRCONS', 5860.00, 42, 600);
INSERT INTO employees (employee_id, first_name, last_name, email, phone_number, hire_date, job_id, salary, manager_id, department_id) VALUES (370, 'Henrik', 'Kristensen', 'henrik.kristensen@emineo.se', '+46 83140985', TO_DATE('2016-01-20', 'yyyy-mm-dd'), 'TSC', 5060.00, 39, 300);
INSERT INTO employees (employee_id, first_name, last_name, email, phone_number, hire_date, job_id, salary, manager_id, department_id) VALUES (371, 'Eva', 'Sørensen', 'eva.sorensen@miracle42.dk', '+45 53967909', TO_DATE('2005-04-24', 'yyyy-mm-dd'), 'SNRTSC', 4930.00, 53, 1100);
INSERT INTO employees (employee_id, first_name, last_name, email, phone_number, hire_date, job_id, salary, manager_id, department_id) VALUES (372, 'Olivia', 'Christensen ', 'olivia.christensen@emineo.se', '+46 42168117', TO_DATE('2013-08-25', 'yyyy-mm-dd'), 'CONS', 5200.00, 41, 500);
INSERT INTO employees (employee_id, first_name, last_name, email, phone_number, hire_date, job_id, salary, manager_id, department_id) VALUES (373, 'Hugo', 'Andersen', 'hugo.andersen@emineo.se', '+46 82628607', TO_DATE('1998-06-08', 'yyyy-mm-dd'), 'SNRCONS', 5860.00, 41, 500);
INSERT INTO employees (employee_id, first_name, last_name, email, phone_number, hire_date, job_id, salary, manager_id, department_id) VALUES (374, 'Anders', 'Sørensen', 'anders.sorensen@miracle42.dk', '+45 96435228', TO_DATE('2002-08-12', 'yyyy-mm-dd'), 'CONS', 5200.00, 53, 1100);
INSERT INTO employees (employee_id, first_name, last_name, email, phone_number, hire_date, job_id, salary, manager_id, department_id) VALUES (376, 'Daniel', 'Jensen', 'daniel.jensen@miracle42.dk', '+45 77468343', TO_DATE('1993-03-10', 'yyyy-mm-dd'), 'SNRCONS', 6260.00, 38, 200);
INSERT INTO employees (employee_id, first_name, last_name, email, phone_number, hire_date, job_id, salary, manager_id, department_id) VALUES (384, 'Tina', 'Pedersen', 'tina.pedersen@miracle.fi', '+358 38620167', TO_DATE('2009-11-18', 'yyyy-mm-dd'), 'TSC', 4660.00, 40, 400);
INSERT INTO employees (employee_id, first_name, last_name, email, phone_number, hire_date, job_id, salary, manager_id, department_id) VALUES (390, 'Mathilde', 'Nielsen', 'mathilde.nielsen@miracle42.dk', '+45 76801711', TO_DATE('2014-02-07', 'yyyy-mm-dd'), 'SNRTSC', 4660.00, 52, 1000);
INSERT INTO employees (employee_id, first_name, last_name, email, phone_number, hire_date, job_id, salary, manager_id, department_id) VALUES (404, 'Camilla', 'Pedersen', 'camilla.pedersen@emineo.se', '+46 63393124', TO_DATE('2017-06-09', 'yyyy-mm-dd'), 'CONS', 3600.00, 39, 300);
INSERT INTO employees (employee_id, first_name, last_name, email, phone_number, hire_date, job_id, salary, manager_id, department_id) VALUES (405, 'Andreas', 'Jørgensen ', 'andreas.jorgensen@miracle42.dk', '+45 68519385', TO_DATE('1997-02-01', 'yyyy-mm-dd'), 'SNRCONS', 7060.00, 53, 1100);
INSERT INTO employees (employee_id, first_name, last_name, email, phone_number, hire_date, job_id, salary, manager_id, department_id) VALUES (406, 'Frederik', 'Rasmussen', 'frederik.rasmussen@mentorit.dk', '+45 94495790', TO_DATE('1994-11-09', 'yyyy-mm-dd'), 'CONS', 5060.00, 51, 900);
INSERT INTO employees (employee_id, first_name, last_name, email, phone_number, hire_date, job_id, salary, manager_id, department_id) VALUES (409, 'Emil', 'Larsen', 'emil.larsen@addpro.dk', '+45 90203676', TO_DATE('1999-10-01', 'yyyy-mm-dd'), 'SNRCONS', 6530.00, 42, 600);
INSERT INTO employees (employee_id, first_name, last_name, email, phone_number, hire_date, job_id, salary, manager_id, department_id) VALUES (411, 'Kasper', 'Rasmussen', 'kasper.rasmussen@emineo.se', '+46 30143754', TO_DATE('2000-11-16', 'yyyy-mm-dd'), 'TSC', 4530.00, 39, 300);
INSERT INTO employees (employee_id, first_name, last_name, email, phone_number, hire_date, job_id, salary, manager_id, department_id) VALUES (414, 'Otto', 'Christensen ', 'otto.christensen@mentorit.dk', '+45 67015991', TO_DATE('2012-11-02', 'yyyy-mm-dd'), 'SNRTSC', 5060.00, 47, 800);
INSERT INTO employees (employee_id, first_name, last_name, email, phone_number, hire_date, job_id, salary, manager_id, department_id) VALUES (417, 'Mathias', 'Nielsen', 'mathias.nielsen@mentorit.dk', '+45 56088913', TO_DATE('1999-03-30', 'yyyy-mm-dd'), 'CONS', 5060.00, 47, 800);
INSERT INTO employees (employee_id, first_name, last_name, email, phone_number, hire_date, job_id, salary, manager_id, department_id) VALUES (420, 'Alba', 'Sørensen', 'alba.sorensen@emineo.se', '+46 76355330', TO_DATE('2003-08-29', 'yyyy-mm-dd'), 'SNRCONS', 4930.00, 41, 500);
INSERT INTO employees (employee_id, first_name, last_name, email, phone_number, hire_date, job_id, salary, manager_id, department_id) VALUES (421, 'Storm', 'Olsen', 'storm.olsen@emineo.se', '+46 24074553', TO_DATE('2012-03-28', 'yyyy-mm-dd'), 'CONS', 5060.00, 39, 300);
INSERT INTO employees (employee_id, first_name, last_name, email, phone_number, hire_date, job_id, salary, manager_id, department_id) VALUES (422, 'Jakob', 'Thomsen', 'jakob.thomsen@miracle42.dk', '+45 78651267', TO_DATE('1995-07-12', 'yyyy-mm-dd'), 'SNRCONS', 6530.00, 52, 1000);
INSERT INTO employees (employee_id, first_name, last_name, email, phone_number, hire_date, job_id, salary, manager_id, department_id) VALUES (425, 'Stine', 'Hansen', 'stine.hansen@emineo.se', '+46 41437051', TO_DATE('2007-08-05', 'yyyy-mm-dd'), 'TSC', 4930.00, 41, 500);
INSERT INTO employees (employee_id, first_name, last_name, email, phone_number, hire_date, job_id, salary, manager_id, department_id) VALUES (426, 'Mathilde', 'Larsen', 'mathilde.larsen@addpro.dk', '+45 89821545', TO_DATE('1992-11-14', 'yyyy-mm-dd'), 'SNRTSC', 5460.00, 42, 600);
INSERT INTO employees (employee_id, first_name, last_name, email, phone_number, hire_date, job_id, salary, manager_id, department_id) VALUES (427, 'Clara', 'Jensen', 'clara.jensen@mentorit.dk', '+45 48933740', TO_DATE('2019-05-08', 'yyyy-mm-dd'), 'CONS', 3730.00, 51, 900);
INSERT INTO employees (employee_id, first_name, last_name, email, phone_number, hire_date, job_id, salary, manager_id, department_id) VALUES (428, 'Villum', 'Nielsen', 'villum.nielsen@miracle42.dk', '+45 56229345', TO_DATE('1994-07-01', 'yyyy-mm-dd'), 'SNRCONS', 6930.00, 34, 100);
INSERT INTO employees (employee_id, first_name, last_name, email, phone_number, hire_date, job_id, salary, manager_id, department_id) VALUES (429, 'Andreas', 'Nielsen', 'andreas.nielsen@miracle42.dk', '+45 72447626', TO_DATE('1997-04-21', 'yyyy-mm-dd'), 'CONS', 5060.00, 53, 1100);
INSERT INTO employees (employee_id, first_name, last_name, email, phone_number, hire_date, job_id, salary, manager_id, department_id) VALUES (430, 'Thea', 'Christiansen', 'thea.christiansen@miracle42.dk', '+45 72930789', TO_DATE('2012-02-19', 'yyyy-mm-dd'), 'SNRCONS', 6000.00, 53, 1100);
INSERT INTO employees (employee_id, first_name, last_name, email, phone_number, hire_date, job_id, salary, manager_id, department_id) VALUES (431, 'Maria', 'Christensen ', 'maria.christensen@miracle42.dk', '+45 10145953', TO_DATE('2016-05-22', 'yyyy-mm-dd'), 'TSC', 3200.00, 53, 1100);
INSERT INTO employees (employee_id, first_name, last_name, email, phone_number, hire_date, job_id, salary, manager_id, department_id) VALUES (432, 'Sarah', 'Pedersen', 'sarah.pedersen@mentorit.dk', '+45 48046672', TO_DATE('1990-05-08', 'yyyy-mm-dd'), 'SNRTSC', 4000.00, 47, 800);
INSERT INTO employees (employee_id, first_name, last_name, email, phone_number, hire_date, job_id, salary, manager_id, department_id) VALUES (433, 'Nikolaj', 'Andersen', 'nikolaj.andersen@miracle42.dk', '+45 20275768', TO_DATE('1993-09-02', 'yyyy-mm-dd'), 'CONS', 4400.00, 53, 1100);
INSERT INTO employees (employee_id, first_name, last_name, email, phone_number, hire_date, job_id, salary, manager_id, department_id) VALUES (434, 'Valdemar', 'Andersen', 'valdemar.andersen@miracle42.dk', '+45 12615082', TO_DATE('2001-08-01', 'yyyy-mm-dd'), 'SNRCONS', 6800.00, 53, 1100);
INSERT INTO employees (employee_id, first_name, last_name, email, phone_number, hire_date, job_id, salary, manager_id, department_id) VALUES (435, 'Nanna', 'Pedersen', 'nanna.pedersen@mentorit.dk', '+45 69816689', TO_DATE('2019-04-12', 'yyyy-mm-dd'), 'CONS', 3730.00, 51, 900);
INSERT INTO employees (employee_id, first_name, last_name, email, phone_number, hire_date, job_id, salary, manager_id, department_id) VALUES (445, 'Bertram', 'Hansen', 'bertram.hansen@emineo.se', '+46 77722864', TO_DATE('2007-07-27', 'yyyy-mm-dd'), 'SNRCONS', 4660.00, 39, 300);
INSERT INTO employees (employee_id, first_name, last_name, email, phone_number, hire_date, job_id, salary, manager_id, department_id) VALUES (450, 'Carl', 'Pedersen', 'carl.pedersen@mentorit.dk', '+45 87134650', TO_DATE('1990-05-25', 'yyyy-mm-dd'), 'TSC', 3060.00, 51, 900);
INSERT INTO employees (employee_id, first_name, last_name, email, phone_number, hire_date, job_id, salary, manager_id, department_id) VALUES (454, 'Malene', 'Andersen', 'malene.andersen@mentorit.dk', '+45 76841104', TO_DATE('1990-05-21', 'yyyy-mm-dd'), 'SNRTSC', 3860.00, 51, 900);
INSERT INTO employees (employee_id, first_name, last_name, email, phone_number, hire_date, job_id, salary, manager_id, department_id) VALUES (455, 'Valdemar', 'Jensen', 'valdemar.jensen@miracle.fi', '+358 14792326', TO_DATE('2001-01-26', 'yyyy-mm-dd'), 'CONS', 3460.00, 40, 400);
INSERT INTO employees (employee_id, first_name, last_name, email, phone_number, hire_date, job_id, salary, manager_id, department_id) VALUES (470, 'Jonas', 'Larsen', 'jonas.larsen@miracle42.dk', '+45 46638993', TO_DATE('2009-10-13', 'yyyy-mm-dd'), 'SNRCONS', 4800.00, 52, 1000);
INSERT INTO employees (employee_id, first_name, last_name, email, phone_number, hire_date, job_id, salary, manager_id, department_id) VALUES (476, 'Naja', 'Petersen', 'naja.petersen@addpro.dk', '+45 95175264', TO_DATE('1997-04-09', 'yyyy-mm-dd'), 'CONS', 5200.00, 42, 600);
INSERT INTO employees (employee_id, first_name, last_name, email, phone_number, hire_date, job_id, salary, manager_id, department_id) VALUES (477, 'Ellie', 'Christensen ', 'ellie.christensen@mentorit.dk', '+45 78194998', TO_DATE('2008-11-13', 'yyyy-mm-dd'), 'SNRCONS', 7060.00, 47, 800);
INSERT INTO employees (employee_id, first_name, last_name, email, phone_number, hire_date, job_id, salary, manager_id, department_id) VALUES (478, 'Olivia', 'Poulsen', 'olivia.poulsen@mentorit.dk', '+45 63658156', TO_DATE('2000-11-08', 'yyyy-mm-dd'), 'TSC', 5200.00, 47, 800);
INSERT INTO employees (employee_id, first_name, last_name, email, phone_number, hire_date, job_id, salary, manager_id, department_id) VALUES (479, 'Pernille', 'Hansen', 'pernille.hansen@mentorit.dk', '+45 12113685', TO_DATE('2013-09-05', 'yyyy-mm-dd'), 'SNRTSC', 5330.00, 51, 900);
INSERT INTO employees (employee_id, first_name, last_name, email, phone_number, hire_date, job_id, salary, manager_id, department_id) VALUES (480, 'Asta', 'Hansen', 'asta.hansen@emineo.se', '+46 75476092', TO_DATE('2010-03-19', 'yyyy-mm-dd'), 'CONS', 4930.00, 41, 500);
INSERT INTO employees (employee_id, first_name, last_name, email, phone_number, hire_date, job_id, salary, manager_id, department_id) VALUES (481, 'Liam', 'Hansen', 'liam.hansen@miracle42.dk', '+45 29014540', TO_DATE('2017-10-16', 'yyyy-mm-dd'), 'SNRCONS', 6260.00, 53, 1100);
INSERT INTO employees (employee_id, first_name, last_name, email, phone_number, hire_date, job_id, salary, manager_id, department_id) VALUES (482, 'Morten', 'Rasmussen', 'morten.rasmussen@miracle42.dk', '+45 91770106', TO_DATE('1996-01-19', 'yyyy-mm-dd'), 'CONS', 5060.00, 34, 100);
INSERT INTO employees (employee_id, first_name, last_name, email, phone_number, hire_date, job_id, salary, manager_id, department_id) VALUES (485, 'Peter', 'Larsen', 'peter.larsen@mentorit.dk', '+45 23104015', TO_DATE('2017-08-21', 'yyyy-mm-dd'), 'SNRCONS', 4800.00, 47, 800);
INSERT INTO employees (employee_id, first_name, last_name, email, phone_number, hire_date, job_id, salary, manager_id, department_id) VALUES (489, 'Mads', 'Jensen', 'mads.jensen@miracle.fi', '+358 79371657', TO_DATE('2010-11-30', 'yyyy-mm-dd'), 'SNRTSC', 5730.00, 40, 400);
INSERT INTO employees (employee_id, first_name, last_name, email, phone_number, hire_date, job_id, salary, manager_id, department_id) VALUES (492, 'Felix', 'Hansen', 'felix.hansen@addpro.dk', '+45 10494666', TO_DATE('2012-02-22', 'yyyy-mm-dd'), 'CONS', 3330.00, 42, 600);
INSERT INTO employees (employee_id, first_name, last_name, email, phone_number, hire_date, job_id, salary, manager_id, department_id) VALUES (495, 'Mathias', 'Larsen', 'mathias.larsen@emineo.se', '+46 12554042', TO_DATE('2000-12-15', 'yyyy-mm-dd'), 'SNRCONS', 6930.00, 41, 500);
INSERT INTO employees (employee_id, first_name, last_name, email, phone_number, hire_date, job_id, salary, manager_id, department_id) VALUES (496, 'Emil', 'Madsen', 'emil.madsen@addpro.dk', '+45 92994434', TO_DATE('2011-09-08', 'yyyy-mm-dd'), 'CONS', 4130.00, 42, 600);
INSERT INTO employees (employee_id, first_name, last_name, email, phone_number, hire_date, job_id, salary, manager_id, department_id) VALUES (499, 'Filippa', 'Rasmussen', 'filippa.rasmussen@addpro.dk', '+45 39723503', TO_DATE('1992-09-15', 'yyyy-mm-dd'), 'SNRCONS', 5330.00, 42, 600);
INSERT INTO employees (employee_id, first_name, last_name, email, phone_number, hire_date, job_id, salary, manager_id, department_id) VALUES (500, 'Kasper', 'Nielsen', 'kasper.nielsen@mentorit.dk', '+45 36546975', TO_DATE('1994-03-12', 'yyyy-mm-dd'), 'TSC', 3730.00, 47, 800);
INSERT INTO employees (employee_id, first_name, last_name, email, phone_number, hire_date, job_id, salary, manager_id, department_id) VALUES (502, 'Marius', 'Christensen ', 'marius.christensen@addpro.dk', '+45 74287526', TO_DATE('1990-10-19', 'yyyy-mm-dd'), 'SNRTSC', 4660.00, 42, 600);
INSERT INTO employees (employee_id, first_name, last_name, email, phone_number, hire_date, job_id, salary, manager_id, department_id) VALUES (503, 'Liv', 'Hansen', 'liv.hansen@addpro.dk', '+45 73782195', TO_DATE('2020-04-12', 'yyyy-mm-dd'), 'CONS', 5200.00, 42, 600);
INSERT INTO employees (employee_id, first_name, last_name, email, phone_number, hire_date, job_id, salary, manager_id, department_id) VALUES (504, 'Mark', 'Christensen ', 'mark.christensen@mentorit.dk', '+45 77947154', TO_DATE('2008-08-27', 'yyyy-mm-dd'), 'SNRCONS', 6400.00, 47, 800);
INSERT INTO employees (employee_id, first_name, last_name, email, phone_number, hire_date, job_id, salary, manager_id, department_id) VALUES (505, 'Konrad', 'Nielsen', 'konrad.nielsen@miracle.fi', '+358 57108266', TO_DATE('2014-06-24', 'yyyy-mm-dd'), 'CONS', 4660.00, 40, 400);
INSERT INTO employees (employee_id, first_name, last_name, email, phone_number, hire_date, job_id, salary, manager_id, department_id) VALUES (507, 'Kim', 'Jørgensen ', 'kim.jorgensen@miracle.fi', '+358 78234594', TO_DATE('2013-10-03', 'yyyy-mm-dd'), 'TSC', 4930.00, 40, 400);
INSERT INTO employees (employee_id, first_name, last_name, email, phone_number, hire_date, job_id, salary, manager_id, department_id) VALUES (508, 'Katrine', 'Hansen', 'katrine.hansen@miracle42.dk', '+45 44378082', TO_DATE('2009-08-01', 'yyyy-mm-dd'), 'SNRTSC', 5200.00, 53, 1100);
INSERT INTO employees (employee_id, first_name, last_name, email, phone_number, hire_date, job_id, salary, manager_id, department_id) VALUES (509, 'Pernille', 'Larsen', 'pernille.larsen@miracle.fi', '+358 70733052', TO_DATE('2003-01-08', 'yyyy-mm-dd'), 'CONS', 3860.00, 40, 400);
INSERT INTO employees (employee_id, first_name, last_name, email, phone_number, hire_date, job_id, salary, manager_id, department_id) VALUES (510, 'Michelle', 'Pedersen', 'michelle.pedersen@miracle42.dk', '+45 56637358', TO_DATE('2016-11-08', 'yyyy-mm-dd'), 'SNRCONS', 6660.00, 52, 1000);
INSERT INTO employees (employee_id, first_name, last_name, email, phone_number, hire_date, job_id, salary, manager_id, department_id) VALUES (511, 'Selma', 'Petersen', 'selma.petersen@miracle42.dk', '+45 54606698', TO_DATE('2013-04-15', 'yyyy-mm-dd'), 'CONS', 5200.00, 38, 200);
INSERT INTO employees (employee_id, first_name, last_name, email, phone_number, hire_date, job_id, salary, manager_id, department_id) VALUES (514, 'Jonas', 'Jensen', 'jonas.jensen@miracle42.dk', '+45 99386755', TO_DATE('2005-05-19', 'yyyy-mm-dd'), 'SNRCONS', 5730.00, 34, 100);
INSERT INTO employees (employee_id, first_name, last_name, email, phone_number, hire_date, job_id, salary, manager_id, department_id) VALUES (515, 'Jasmin', 'Christensen ', 'jasmin.christensen@miracle42.dk', '+45 21420800', TO_DATE('2007-01-01', 'yyyy-mm-dd'), 'TSC', 4930.00, 34, 100);
INSERT INTO employees (employee_id, first_name, last_name, email, phone_number, hire_date, job_id, salary, manager_id, department_id) VALUES (520, 'Maria', 'Nielsen', 'maria.nielsen@progressive.dk', '+45 19779406', TO_DATE('2005-07-20', 'yyyy-mm-dd'), 'SNRTSC', 5460.00, 43, 700);
INSERT INTO employees (employee_id, first_name, last_name, email, phone_number, hire_date, job_id, salary, manager_id, department_id) VALUES (522, 'Rikke', 'Sørensen', 'rikke.sorensen@progressive.dk', '+45 75969754', TO_DATE('2005-05-09', 'yyyy-mm-dd'), 'CONS', 4400.00, 43, 700);
INSERT INTO employees (employee_id, first_name, last_name, email, phone_number, hire_date, job_id, salary, manager_id, department_id) VALUES (523, 'Michael', 'Sørensen', 'michael.sorensen@mentorit.dk', '+45 45508693', TO_DATE('2012-03-23', 'yyyy-mm-dd'), 'SNRCONS', 6800.00, 51, 900);
INSERT INTO employees (employee_id, first_name, last_name, email, phone_number, hire_date, job_id, salary, manager_id, department_id) VALUES (524, 'Filippa', 'Hansen', 'filippa.hansen@miracle.fi', '+358 78174893', TO_DATE('2013-07-24', 'yyyy-mm-dd'), 'SNRTSC', 5200.00, 40, 400);
INSERT INTO employees (employee_id, first_name, last_name, email, phone_number, hire_date, job_id, salary, manager_id, department_id) VALUES (525, 'Arthur', 'Hansen', 'arthur.hansen@mentorit.dk', '+45 36092522', TO_DATE('2016-03-25', 'yyyy-mm-dd'), 'CONS', 3330.00, 51, 900);
INSERT INTO employees (employee_id, first_name, last_name, email, phone_number, hire_date, job_id, salary, manager_id, department_id) VALUES (526, 'Christian', 'Christensen ', 'christian.christensen@mentorit.dk', '+45 39497716', TO_DATE('2007-02-25', 'yyyy-mm-dd'), 'SNRCONS', 5600.00, 47, 800);
INSERT INTO employees (employee_id, first_name, last_name, email, phone_number, hire_date, job_id, salary, manager_id, department_id) VALUES (528, 'Michael', 'Madsen', 'michael.madsen@miracle.fi', '+358 61722125', TO_DATE('2013-01-06', 'yyyy-mm-dd'), 'TSC', 5200.00, 40, 400);
INSERT INTO employees (employee_id, first_name, last_name, email, phone_number, hire_date, job_id, salary, manager_id, department_id) VALUES (529, 'Esther', 'Hansen', 'esther.hansen@progressive.dk', '+45 10077610', TO_DATE('2017-04-20', 'yyyy-mm-dd'), 'SNRTSC', 4660.00, 43, 700);
INSERT INTO employees (employee_id, first_name, last_name, email, phone_number, hire_date, job_id, salary, manager_id, department_id) VALUES (535, 'Vilma', 'Christensen ', 'vilma.christensen@mentorit.dk', '+45 77924176', TO_DATE('2018-06-08', 'yyyy-mm-dd'), 'SNRCONS', 6930.00, 51, 900);
INSERT INTO employees (employee_id, first_name, last_name, email, phone_number, hire_date, job_id, salary, manager_id, department_id) VALUES (536, 'Emily', 'Larsen', 'emily.larsen@miracle42.dk', '+45 35959256', TO_DATE('2007-12-20', 'yyyy-mm-dd'), 'CONS', 4530.00, 38, 200);
INSERT INTO employees (employee_id, first_name, last_name, email, phone_number, hire_date, job_id, salary, manager_id, department_id) VALUES (539, 'Sofia', 'Kristensen', 'sofia.kristensen@mentorit.dk', '+45 55474039', TO_DATE('1997-09-30', 'yyyy-mm-dd'), 'SNRCONS', 6530.00, 51, 900);
INSERT INTO employees (employee_id, first_name, last_name, email, phone_number, hire_date, job_id, salary, manager_id, department_id) VALUES (543, 'Vigga', 'Jensen', 'vigga.jensen@emineo.se', '+46 15607879', TO_DATE('1994-11-22', 'yyyy-mm-dd'), 'TSC', 3330.00, 41, 500);
INSERT INTO employees (employee_id, first_name, last_name, email, phone_number, hire_date, job_id, salary, manager_id, department_id) VALUES (544, 'Lea', 'Hansen', 'lea.hansen@mentorit.dk', '+45 77564501', TO_DATE('2012-12-05', 'yyyy-mm-dd'), 'SNRTSC', 5200.00, 51, 900);
INSERT INTO employees (employee_id, first_name, last_name, email, phone_number, hire_date, job_id, salary, manager_id, department_id) VALUES (547, 'Lasse', 'Nielsen', 'lasse.nielsen@miracle42.dk', '+45 82552022', TO_DATE('2002-11-27', 'yyyy-mm-dd'), 'CONS', 4130.00, 52, 1000);
INSERT INTO employees (employee_id, first_name, last_name, email, phone_number, hire_date, job_id, salary, manager_id, department_id) VALUES (550, 'Alberte', 'Sørensen', 'alberte.sorensen@mentorit.dk', '+45 91342671', TO_DATE('1996-01-20', 'yyyy-mm-dd'), 'SNRCONS', 5730.00, 51, 900);
INSERT INTO employees (employee_id, first_name, last_name, email, phone_number, hire_date, job_id, salary, manager_id, department_id) VALUES (551, 'Villads', 'Christensen ', 'villads.christensen@miracle42.dk', '+45 30121791', TO_DATE('1993-05-28', 'yyyy-mm-dd'), 'CONS', 4930.00, 53, 1100);
INSERT INTO employees (employee_id, first_name, last_name, email, phone_number, hire_date, job_id, salary, manager_id, department_id) VALUES (553, 'Sarah', 'Jørgensen ', 'sarah.jorgensen@miracle42.dk', '+45 34707940', TO_DATE('1994-06-01', 'yyyy-mm-dd'), 'SNRCONS', 5860.00, 52, 1000);
INSERT INTO employees (employee_id, first_name, last_name, email, phone_number, hire_date, job_id, salary, manager_id, department_id) VALUES (562, 'Mikkel', 'Sørensen', 'mikkel.sorensen@mentorit.dk', '+45 21268198', TO_DATE('1994-04-01', 'yyyy-mm-dd'), 'TSC', 2800.00, 47, 800);
INSERT INTO employees (employee_id, first_name, last_name, email, phone_number, hire_date, job_id, salary, manager_id, department_id) VALUES (563, 'Frederikke', 'Hansen', 'frederikke.hansen@miracle42.dk', '+45 18187002', TO_DATE('2000-10-20', 'yyyy-mm-dd'), 'SNRTSC', 5060.00, 53, 1100);
INSERT INTO employees (employee_id, first_name, last_name, email, phone_number, hire_date, job_id, salary, manager_id, department_id) VALUES (568, 'Philip', 'Jensen', 'philip.jensen@miracle42.dk', '+45 95264746', TO_DATE('2018-05-15', 'yyyy-mm-dd'), 'CONS', 4000.00, 52, 1000);
INSERT INTO employees (employee_id, first_name, last_name, email, phone_number, hire_date, job_id, salary, manager_id, department_id) VALUES (572, 'Emma', 'Nielsen', 'emma.nielsen@miracle.fi', '+358 32797391', TO_DATE('2016-05-11', 'yyyy-mm-dd'), 'SNRCONS', 5460.00, 40, 400);
INSERT INTO employees (employee_id, first_name, last_name, email, phone_number, hire_date, job_id, salary, manager_id, department_id) VALUES (575, 'Theodor', 'Pedersen', 'theodor.pedersen@miracle42.dk', '+45 81842592', TO_DATE('2009-04-02', 'yyyy-mm-dd'), 'CONS', 4930.00, 52, 1000);
INSERT INTO employees (employee_id, first_name, last_name, email, phone_number, hire_date, job_id, salary, manager_id, department_id) VALUES (576, 'Benjamin', 'Christiansen', 'benjamin.christiansen@emineo.se', '+46 88115958', TO_DATE('1991-11-11', 'yyyy-mm-dd'), 'SNRCONS', 5730.00, 41, 500);
INSERT INTO employees (employee_id, first_name, last_name, email, phone_number, hire_date, job_id, salary, manager_id, department_id) VALUES (579, 'Heidi', 'Pedersen', 'heidi.pedersen@mentorit.dk', '+45 48026877', TO_DATE('2013-05-22', 'yyyy-mm-dd'), 'TSC', 2930.00, 51, 900);
INSERT INTO employees (employee_id, first_name, last_name, email, phone_number, hire_date, job_id, salary, manager_id, department_id) VALUES (589, 'Rebecca', 'Jensen', 'rebecca.jensen@addpro.dk', '+45 38852878', TO_DATE('2015-11-18', 'yyyy-mm-dd'), 'CONS', 4260.00, 42, 600);
INSERT INTO employees (employee_id, first_name, last_name, email, phone_number, hire_date, job_id, salary, manager_id, department_id) VALUES (592, 'Tobias', 'Pedersen', 'tobias.pedersen@miracle42.dk', '+45 74661602', TO_DATE('2000-05-04', 'yyyy-mm-dd'), 'SNRCONS', 6930.00, 38, 200);
INSERT INTO employees (employee_id, first_name, last_name, email, phone_number, hire_date, job_id, salary, manager_id, department_id) VALUES (596, 'Frederik', 'Hansen', 'frederik.hansen@mentorit.dk', '+45 54381551', TO_DATE('2013-07-15', 'yyyy-mm-dd'), 'CONS', 4530.00, 47, 800);
INSERT INTO employees (employee_id, first_name, last_name, email, phone_number, hire_date, job_id, salary, manager_id, department_id) VALUES (597, 'Julie', 'Jensen', 'julie.jensen@mentorit.dk', '+45 17447686', TO_DATE('1992-02-05', 'yyyy-mm-dd'), 'SNRCONS', 4930.00, 51, 900);
INSERT INTO employees (employee_id, first_name, last_name, email, phone_number, hire_date, job_id, salary, manager_id, department_id) VALUES (598, 'Camilla', 'Nielsen', 'camilla.nielsen@emineo.se', '+46 50283338', TO_DATE('2020-09-26', 'yyyy-mm-dd'), 'TSC', 3330.00, 39, 300);
INSERT INTO employees (employee_id, first_name, last_name, email, phone_number, hire_date, job_id, salary, manager_id, department_id) VALUES (601, 'Brian', 'Johansen', 'brian.johansen@mentorit.dk', '+45 78826171', TO_DATE('2006-03-17', 'yyyy-mm-dd'), 'SNRTSC', 4130.00, 47, 800);
INSERT INTO employees (employee_id, first_name, last_name, email, phone_number, hire_date, job_id, salary, manager_id, department_id) VALUES (602, 'Rosa', 'Jensen', 'rosa.jensen@mentorit.dk', '+45 54237321', TO_DATE('2000-10-13', 'yyyy-mm-dd'), 'CONS', 4000.00, 47, 800);
INSERT INTO employees (employee_id, first_name, last_name, email, phone_number, hire_date, job_id, salary, manager_id, department_id) VALUES (603, 'Vigga', 'Andersen', 'vigga.andersen@emineo.se', '+46 75033580', TO_DATE('1997-01-21', 'yyyy-mm-dd'), 'SNRCONS', 6400.00, 41, 500);
INSERT INTO employees (employee_id, first_name, last_name, email, phone_number, hire_date, job_id, salary, manager_id, department_id) VALUES (604, 'Asger', 'Kristensen', 'asger.kristensen@emineo.se', '+46 34361343', TO_DATE('2010-01-28', 'yyyy-mm-dd'), 'CONS', 5460.00, 39, 300);
INSERT INTO employees (employee_id, first_name, last_name, email, phone_number, hire_date, job_id, salary, manager_id, department_id) VALUES (605, 'Pernille', 'Jensen', 'pernille.jensen@progressive.dk', '+45 62341885', TO_DATE('2000-09-27', 'yyyy-mm-dd'), 'SNRCONS', 6260.00, 43, 700);
INSERT INTO employees (employee_id, first_name, last_name, email, phone_number, hire_date, job_id, salary, manager_id, department_id) VALUES (607, 'Kasper', 'Christensen ', 'kasper.christensen@miracle42.dk', '+45 93516289', TO_DATE('2005-03-21', 'yyyy-mm-dd'), 'TSC', 3860.00, 52, 1000);
INSERT INTO employees (employee_id, first_name, last_name, email, phone_number, hire_date, job_id, salary, manager_id, department_id) VALUES (608, 'Hannah', 'Pedersen', 'hannah.pedersen@progressive.dk', '+45 34115010', TO_DATE('1999-01-08', 'yyyy-mm-dd'), 'SNRTSC', 4400.00, 43, 700);
INSERT INTO employees (employee_id, first_name, last_name, email, phone_number, hire_date, job_id, salary, manager_id, department_id) VALUES (609, 'Bertram', 'Poulsen', 'bertram.poulsen@mentorit.dk', '+45 43636866', TO_DATE('2017-07-16', 'yyyy-mm-dd'), 'CONS', 3860.00, 51, 900);
INSERT INTO employees (employee_id, first_name, last_name, email, phone_number, hire_date, job_id, salary, manager_id, department_id) VALUES (610, 'Ida', 'Christensen ', 'ida.christensen@emineo.se', '+46 52798684', TO_DATE('1995-09-13', 'yyyy-mm-dd'), 'SNRCONS', 6000.00, 41, 500);
INSERT INTO employees (employee_id, first_name, last_name, email, phone_number, hire_date, job_id, salary, manager_id, department_id) VALUES (611, 'Andrea', 'Nielsen', 'andrea.nielsen@addpro.dk', '+45 12254113', TO_DATE('2019-07-03', 'yyyy-mm-dd'), 'CONS', 4800.00, 42, 600);
INSERT INTO employees (employee_id, first_name, last_name, email, phone_number, hire_date, job_id, salary, manager_id, department_id) VALUES (612, 'Lærke', 'Jensen', 'lerke.jensen@mentorit.dk', '+45 70056461', TO_DATE('1993-04-09', 'yyyy-mm-dd'), 'SNRCONS', 6260.00, 47, 800);
INSERT INTO employees (employee_id, first_name, last_name, email, phone_number, hire_date, job_id, salary, manager_id, department_id) VALUES (613, 'Jasmin', 'Poulsen', 'jasmin.poulsen@mentorit.dk', '+45 57946845', TO_DATE('2015-08-19', 'yyyy-mm-dd'), 'TSC', 4260.00, 51, 900);
INSERT INTO employees (employee_id, first_name, last_name, email, phone_number, hire_date, job_id, salary, manager_id, department_id) VALUES (614, 'Søren', 'Knudsen', 'soren.knudsen@emineo.se', '+46 65204648', TO_DATE('2007-08-10', 'yyyy-mm-dd'), 'SNRTSC', 5600.00, 41, 500);
INSERT INTO employees (employee_id, first_name, last_name, email, phone_number, hire_date, job_id, salary, manager_id, department_id) VALUES (622, 'Theodor', 'Johansen', 'theodor.johansen@miracle42.dk', '+45 77001902', TO_DATE('2011-08-15', 'yyyy-mm-dd'), 'CONS', 5730.00, 52, 1000);
INSERT INTO employees (employee_id, first_name, last_name, email, phone_number, hire_date, job_id, salary, manager_id, department_id) VALUES (623, 'Amalie', 'Rasmussen', 'amalie.rasmussen@miracle42.dk', '+45 69971555', TO_DATE('2000-01-24', 'yyyy-mm-dd'), 'SNRCONS', 5460.00, 52, 1000);
INSERT INTO employees (employee_id, first_name, last_name, email, phone_number, hire_date, job_id, salary, manager_id, department_id) VALUES (635, 'Ella', 'Nielsen', 'ella.nielsen@miracle.fi', '+358 69099279', TO_DATE('2005-07-22', 'yyyy-mm-dd'), 'SNRCONS', 7060.00, 40, 400);
INSERT INTO employees (employee_id, first_name, last_name, email, phone_number, hire_date, job_id, salary, manager_id, department_id) VALUES (640, 'Cecilie', 'Hansen', 'cecilie.hansen@miracle42.dk', '+45 15769796', TO_DATE('1997-12-24', 'yyyy-mm-dd'), 'TSC', 3460.00, 52, 1000);
INSERT INTO employees (employee_id, first_name, last_name, email, phone_number, hire_date, job_id, salary, manager_id, department_id) VALUES (642, 'Isabella', 'Olsen', 'isabella.olsen@miracle42.dk', '+45 94393717', TO_DATE('2013-02-05', 'yyyy-mm-dd'), 'SNRTSC', 3730.00, 38, 200);
INSERT INTO employees (employee_id, first_name, last_name, email, phone_number, hire_date, job_id, salary, manager_id, department_id) VALUES (645, 'Sigurd', 'Petersen', 'sigurd.petersen@emineo.se', '+46 37387046', TO_DATE('1996-05-01', 'yyyy-mm-dd'), 'CONS', 4530.00, 41, 500);
INSERT INTO employees (employee_id, first_name, last_name, email, phone_number, hire_date, job_id, salary, manager_id, department_id) VALUES (646, 'Oliver', 'Christiansen', 'oliver.christiansen@mentorit.dk', '+45 29303269', TO_DATE('1994-06-25', 'yyyy-mm-dd'), 'SNRCONS', 5060.00, 51, 900);
INSERT INTO employees (employee_id, first_name, last_name, email, phone_number, hire_date, job_id, salary, manager_id, department_id) VALUES (651, 'Louise', 'Nielsen', 'louise.nielsen@miracle42.dk', '+45 22268583', TO_DATE('1999-10-15', 'yyyy-mm-dd'), 'CONS', 4930.00, 52, 1000);
INSERT INTO employees (employee_id, first_name, last_name, email, phone_number, hire_date, job_id, salary, manager_id, department_id) VALUES (655, 'Mette', 'Hansen', 'mette.hansen@mentorit.dk', '+45 80200479', TO_DATE('2001-11-22', 'yyyy-mm-dd'), 'TSC', 4400.00, 47, 800);
INSERT INTO employees (employee_id, first_name, last_name, email, phone_number, hire_date, job_id, salary, manager_id, department_id) VALUES (656, 'Marie', 'Christensen ', 'marie.christensen@miracle42.dk', '+45 98268141', TO_DATE('1999-10-26', 'yyyy-mm-dd'), 'SNRTSC', 4800.00, 38, 200);
INSERT INTO employees (employee_id, first_name, last_name, email, phone_number, hire_date, job_id, salary, manager_id, department_id) VALUES (657, 'Brian', 'Pedersen', 'brian.pedersen@mentorit.dk', '+45 86026170', TO_DATE('1994-03-24', 'yyyy-mm-dd'), 'CONS', 3460.00, 47, 800);
INSERT INTO employees (employee_id, first_name, last_name, email, phone_number, hire_date, job_id, salary, manager_id, department_id) VALUES (667, 'Pelle', 'Larsen', 'pelle.larsen@miracle42.dk', '+45 65812660', TO_DATE('2019-08-05', 'yyyy-mm-dd'), 'SNRCONS', 4800.00, 53, 1100);
INSERT INTO employees (employee_id, first_name, last_name, email, phone_number, hire_date, job_id, salary, manager_id, department_id) VALUES (669, 'Kenneth', 'Jørgensen ', 'kenneth.jorgensen@miracle42.dk', '+45 26259684', TO_DATE('1995-10-17', 'yyyy-mm-dd'), 'CONS', 3600.00, 53, 1100);
INSERT INTO employees (employee_id, first_name, last_name, email, phone_number, hire_date, job_id, salary, manager_id, department_id) VALUES (672, 'Karina', 'Sørensen', 'karina.sorensen@progressive.dk', '+45 51005574', TO_DATE('2016-09-09', 'yyyy-mm-dd'), 'SNRCONS', 6800.00, 43, 700);
INSERT INTO employees (employee_id, first_name, last_name, email, phone_number, hire_date, job_id, salary, manager_id, department_id) VALUES (683, 'Alexander', 'Jensen', 'alexander.jensen@mentorit.dk', '+45 78974361', TO_DATE('2001-06-30', 'yyyy-mm-dd'), 'TSC', 3600.00, 47, 800);
INSERT INTO employees (employee_id, first_name, last_name, email, phone_number, hire_date, job_id, salary, manager_id, department_id) VALUES (686, 'Lærke', 'Pedersen', 'lerke.pedersen@emineo.se', '+46 21652659', TO_DATE('1990-10-04', 'yyyy-mm-dd'), 'SNRTSC', 4660.00, 41, 500);
INSERT INTO employees (employee_id, first_name, last_name, email, phone_number, hire_date, job_id, salary, manager_id, department_id) VALUES (689, 'Malthe', 'Jensen', 'malthe.jensen@miracle42.dk', '+45 80110840', TO_DATE('1995-12-08', 'yyyy-mm-dd'), 'CONS', 4930.00, 52, 1000);
INSERT INTO employees (employee_id, first_name, last_name, email, phone_number, hire_date, job_id, salary, manager_id, department_id) VALUES (690, 'Søren', 'Thomsen', 'soren.thomsen@progressive.dk', '+45 76134898', TO_DATE('2011-02-25', 'yyyy-mm-dd'), 'SNRCONS', 6260.00, 43, 700);
INSERT INTO employees (employee_id, first_name, last_name, email, phone_number, hire_date, job_id, salary, manager_id, department_id) VALUES (692, 'Emil', 'Poulsen', 'emil.poulsen@progressive.dk', '+45 88972312', TO_DATE('2013-09-07', 'yyyy-mm-dd'), 'CONS', 4930.00, 43, 700);
INSERT INTO employees (employee_id, first_name, last_name, email, phone_number, hire_date, job_id, salary, manager_id, department_id) VALUES (694, 'Mille', 'Jørgensen ', 'mille.jorgensen@miracle42.dk', '+45 97732572', TO_DATE('1992-12-11', 'yyyy-mm-dd'), 'SNRCONS', 6000.00, 38, 200);
INSERT INTO employees (employee_id, first_name, last_name, email, phone_number, hire_date, job_id, salary, manager_id, department_id) VALUES (633, 'Katrine', 'Jørgensen ', 'katrine.jorgensen@emineo.se', '+46 27152249', TO_DATE('1998-11-20', 'yyyy-mm-dd'), 'CONS', 4260.00, 39, 300);
INSERT INTO employees (employee_id, first_name, last_name, email, phone_number, hire_date, job_id, salary, manager_id, department_id) VALUES (584, 'Christina', 'Andersen', 'christina.andersen@miracle42.dk', '+45 35125311', TO_DATE('1993-11-15', 'yyyy-mm-dd'), 'SNRTSC', 5460.00, 34, 100);
INSERT INTO employees (employee_id, first_name, last_name, email, phone_number, hire_date, job_id, salary, manager_id, department_id) VALUES (695, 'Sander', 'Rasmussen', 'sander.rasmussen@emineo.se', '+46 19267817', TO_DATE('2019-01-27', 'yyyy-mm-dd'), 'TSC', 3600.00, 39, 300);
INSERT INTO employees (employee_id, first_name, last_name, email, phone_number, hire_date, job_id, salary, manager_id, department_id) VALUES (697, 'Helle', 'Madsen', 'helle.madsen@miracle.fi', '+358 77023257', TO_DATE('1993-10-16', 'yyyy-mm-dd'), 'SNRTSC', 4930.00, 40, 400);
INSERT INTO employees (employee_id, first_name, last_name, email, phone_number, hire_date, job_id, salary, manager_id, department_id) VALUES (698, 'Rikke', 'Jensen', 'rikke.jensen@miracle42.dk', '+45 84759819', TO_DATE('2014-11-16', 'yyyy-mm-dd'), 'CONS', 5730.00, 53, 1100);
INSERT INTO employees (employee_id, first_name, last_name, email, phone_number, hire_date, job_id, salary, manager_id, department_id) VALUES (699, 'Oliver', 'Christensen ', 'oliver.christensen@progressive.dk', '+45 90526090', TO_DATE('1993-06-03', 'yyyy-mm-dd'), 'SNRCONS', 5330.00, 43, 700);
INSERT INTO employees (employee_id, first_name, last_name, email, phone_number, hire_date, job_id, salary, manager_id, department_id) VALUES (702, 'Kristine', 'Nielsen', 'kristine.nielsen@mentorit.dk', '+45 83338503', TO_DATE('1993-06-08', 'yyyy-mm-dd'), 'CONS', 4000.00, 47, 800);
INSERT INTO employees (employee_id, first_name, last_name, email, phone_number, hire_date, job_id, salary, manager_id, department_id) VALUES (703, 'Victoria', 'Jensen', 'victoria.jensen@progressive.dk', '+45 43863105', TO_DATE('2019-11-14', 'yyyy-mm-dd'), 'SNRCONS', 6660.00, 43, 700);
INSERT INTO employees (employee_id, first_name, last_name, email, phone_number, hire_date, job_id, salary, manager_id, department_id) VALUES (705, 'Karl', 'Jensen', 'karl.jensen@progressive.dk', '+45 68654849', TO_DATE('2013-05-12', 'yyyy-mm-dd'), 'TSC', 3460.00, 43, 700);
INSERT INTO employees (employee_id, first_name, last_name, email, phone_number, hire_date, job_id, salary, manager_id, department_id) VALUES (710, 'Marcus', 'Jensen', 'marcus.jensen@miracle42.dk', '+45 34869140', TO_DATE('2001-07-20', 'yyyy-mm-dd'), 'SNRTSC', 3730.00, 38, 200);
INSERT INTO employees (employee_id, first_name, last_name, email, phone_number, hire_date, job_id, salary, manager_id, department_id) VALUES (711, 'Alberte', 'Jensen', 'alberte.jensen@miracle.fi', '+358 70495640', TO_DATE('2003-04-22', 'yyyy-mm-dd'), 'CONS', 4530.00, 40, 400);
INSERT INTO employees (employee_id, first_name, last_name, email, phone_number, hire_date, job_id, salary, manager_id, department_id) VALUES (713, 'Mathias', 'Larsen', 'mathias.larsen@miracle42.dk', '+45 17252418', TO_DATE('2004-07-08', 'yyyy-mm-dd'), 'SNRCONS', 5200.00, 52, 1000);
INSERT INTO employees (employee_id, first_name, last_name, email, phone_number, hire_date, job_id, salary, manager_id, department_id) VALUES (714, 'Nora', 'Andersen', 'nora.andersen@addpro.dk', '+45 47353558', TO_DATE('1991-01-27', 'yyyy-mm-dd'), 'CONS', 5600.00, 42, 600);
INSERT INTO employees (employee_id, first_name, last_name, email, phone_number, hire_date, job_id, salary, manager_id, department_id) VALUES (715, 'Isabella', 'Andersen', 'isabella.andersen@miracle.fi', '+358 56045101', TO_DATE('2015-11-13', 'yyyy-mm-dd'), 'SNRCONS', 7200.00, 40, 400);
INSERT INTO employees (employee_id, first_name, last_name, email, phone_number, hire_date, job_id, salary, manager_id, department_id) VALUES (716, 'Laura', 'Hansen', 'laura.hansen@miracle.fi', '+358 17298090', TO_DATE('1991-09-21', 'yyyy-mm-dd'), 'TSC', 3330.00, 40, 400);
INSERT INTO employees (employee_id, first_name, last_name, email, phone_number, hire_date, job_id, salary, manager_id, department_id) VALUES (717, 'Line', 'Hansen', 'line.hansen@emineo.se', '+46 34934653', TO_DATE('2019-07-16', 'yyyy-mm-dd'), 'SNRTSC', 5200.00, 39, 300);
INSERT INTO employees (employee_id, first_name, last_name, email, phone_number, hire_date, job_id, salary, manager_id, department_id) VALUES (718, 'Martin', 'Larsen', 'martin.larsen@miracle.fi', '+358 21152250', TO_DATE('1990-06-18', 'yyyy-mm-dd'), 'CONS', 4130.00, 40, 400);
INSERT INTO employees (employee_id, first_name, last_name, email, phone_number, hire_date, job_id, salary, manager_id, department_id) VALUES (719, 'Dennis', 'Andersen', 'dennis.andersen@mentorit.dk', '+45 59471952', TO_DATE('2016-12-21', 'yyyy-mm-dd'), 'SNRCONS', 5460.00, 47, 800);
INSERT INTO employees (employee_id, first_name, last_name, email, phone_number, hire_date, job_id, salary, manager_id, department_id) VALUES (720, 'Amalie', 'Nielsen', 'amalie.nielsen@miracle.fi', '+358 71962996', TO_DATE('2002-01-01', 'yyyy-mm-dd'), 'CONS', 4260.00, 40, 400);
INSERT INTO employees (employee_id, first_name, last_name, email, phone_number, hire_date, job_id, salary, manager_id, department_id) VALUES (721, 'Simon', 'Nielsen', 'simon.nielsen@progressive.dk', '+45 20361814', TO_DATE('2002-10-27', 'yyyy-mm-dd'), 'SNRCONS', 5730.00, 43, 700);
INSERT INTO employees (employee_id, first_name, last_name, email, phone_number, hire_date, job_id, salary, manager_id, department_id) VALUES (722, 'Molly', 'Jørgensen ', 'molly.jorgensen@miracle42.dk', '+45 48509172', TO_DATE('2015-09-20', 'yyyy-mm-dd'), 'TSC', 3060.00, 52, 1000);
INSERT INTO employees (employee_id, first_name, last_name, email, phone_number, hire_date, job_id, salary, manager_id, department_id) VALUES (723, 'Sara', 'Jørgensen ', 'sara.jorgensen@mentorit.dk', '+45 84347587', TO_DATE('2010-06-15', 'yyyy-mm-dd'), 'SNRTSC', 4930.00, 51, 900);
INSERT INTO employees (employee_id, first_name, last_name, email, phone_number, hire_date, job_id, salary, manager_id, department_id) VALUES (724, 'Adam', 'Larsen', 'adam.larsen@mentorit.dk', '+45 45603489', TO_DATE('1997-02-18', 'yyyy-mm-dd'), 'CONS', 3730.00, 51, 900);
INSERT INTO employees (employee_id, first_name, last_name, email, phone_number, hire_date, job_id, salary, manager_id, department_id) VALUES (726, 'Nora', 'Thomsen', 'nora.thomsen@emineo.se', '+46 14648831', TO_DATE('2009-01-07', 'yyyy-mm-dd'), 'SNRCONS', 6000.00, 39, 300);
INSERT INTO employees (employee_id, first_name, last_name, email, phone_number, hire_date, job_id, salary, manager_id, department_id) VALUES (728, 'Josefine', 'Jensen', 'josefine.jensen@emineo.se', '+46 76628429', TO_DATE('2016-03-18', 'yyyy-mm-dd'), 'CONS', 5200.00, 39, 300);
INSERT INTO employees (employee_id, first_name, last_name, email, phone_number, hire_date, job_id, salary, manager_id, department_id) VALUES (730, 'Carl', 'Knudsen', 'carl.knudsen@progressive.dk', '+45 86669552', TO_DATE('1998-12-25', 'yyyy-mm-dd'), 'SNRCONS', 6530.00, 43, 700);
INSERT INTO employees (employee_id, first_name, last_name, email, phone_number, hire_date, job_id, salary, manager_id, department_id) VALUES (731, 'Magnus', 'Jensen', 'magnus.jensen@miracle42.dk', '+45 86834726', TO_DATE('1993-01-04', 'yyyy-mm-dd'), 'TSC', 3060.00, 53, 1100);
INSERT INTO employees (employee_id, first_name, last_name, email, phone_number, hire_date, job_id, salary, manager_id, department_id) VALUES (735, 'Louise', 'Møller', 'louise.moller@emineo.se', '+46 54133310', TO_DATE('2007-10-23', 'yyyy-mm-dd'), 'SNRTSC', 4660.00, 41, 500);
INSERT INTO employees (employee_id, first_name, last_name, email, phone_number, hire_date, job_id, salary, manager_id, department_id) VALUES (737, 'Johanne', 'Jensen', 'johanne.jensen@mentorit.dk', '+45 47309896', TO_DATE('2005-10-01', 'yyyy-mm-dd'), 'CONS', 3860.00, 47, 800);
INSERT INTO employees (employee_id, first_name, last_name, email, phone_number, hire_date, job_id, salary, manager_id, department_id) VALUES (739, 'Tina', 'Jensen', 'tina.jensen@emineo.se', '+46 87792845', TO_DATE('1992-12-11', 'yyyy-mm-dd'), 'CONS', 3860.00, 41, 500);
INSERT INTO employees (employee_id, first_name, last_name, email, phone_number, hire_date, job_id, salary, manager_id, department_id) VALUES (740, 'Janni', 'Christiansen', 'janni.christiansen@progressive.dk', '+45 77098926', TO_DATE('2012-11-01', 'yyyy-mm-dd'), 'SNRCONS', 6000.00, 43, 700);
INSERT INTO employees (employee_id, first_name, last_name, email, phone_number, hire_date, job_id, salary, manager_id, department_id) VALUES (749, 'Kristine', 'Petersen', 'kristine.petersen@miracle42.dk', '+45 22839200', TO_DATE('2010-09-11', 'yyyy-mm-dd'), 'TSC', 4260.00, 52, 1000);
INSERT INTO employees (employee_id, first_name, last_name, email, phone_number, hire_date, job_id, salary, manager_id, department_id) VALUES (751, 'Trine', 'Jensen', 'trine.jensen@addpro.dk', '+45 71806387', TO_DATE('2007-11-04', 'yyyy-mm-dd'), 'SNRTSC', 4530.00, 42, 600);
INSERT INTO employees (employee_id, first_name, last_name, email, phone_number, hire_date, job_id, salary, manager_id, department_id) VALUES (752, 'Noah', 'Andersen', 'noah.andersen@miracle42.dk', '+45 37003259', TO_DATE('2002-03-13', 'yyyy-mm-dd'), 'CONS', 5460.00, 53, 1100);
INSERT INTO employees (employee_id, first_name, last_name, email, phone_number, hire_date, job_id, salary, manager_id, department_id) VALUES (768, 'Luna', 'Pedersen', 'luna.pedersen@miracle.fi', '+358 89793209', TO_DATE('2001-08-29', 'yyyy-mm-dd'), 'SNRCONS', 7200.00, 40, 400);
INSERT INTO employees (employee_id, first_name, last_name, email, phone_number, hire_date, job_id, salary, manager_id, department_id) VALUES (772, 'Mette', 'Hansen', 'mette.hansen@addpro.dk', '+45 77993760', TO_DATE('2002-05-11', 'yyyy-mm-dd'), 'CONS', 4000.00, 42, 600);
INSERT INTO employees (employee_id, first_name, last_name, email, phone_number, hire_date, job_id, salary, manager_id, department_id) VALUES (775, 'Frederikke', 'Jørgensen ', 'frederikke.jorgensen@progressive.dk', '+45 66029189', TO_DATE('2001-02-08', 'yyyy-mm-dd'), 'SNRCONS', 6130.00, 43, 700);
INSERT INTO employees (employee_id, first_name, last_name, email, phone_number, hire_date, job_id, salary, manager_id, department_id) VALUES (777, 'Storm', 'Hansen', 'storm.hansen@miracle42.dk', '+45 80704813', TO_DATE('2018-11-23', 'yyyy-mm-dd'), 'TSC', 4130.00, 52, 1000);
INSERT INTO employees (employee_id, first_name, last_name, email, phone_number, hire_date, job_id, salary, manager_id, department_id) VALUES (779, 'Nanna', 'Pedersen', 'nanna.pedersen@mentorit.dk', '+45 58385812', TO_DATE('2003-04-10', 'yyyy-mm-dd'), 'SNRTSC', 5330.00, 47, 800);
INSERT INTO employees (employee_id, first_name, last_name, email, phone_number, hire_date, job_id, salary, manager_id, department_id) VALUES (787, 'Sofie', 'Pedersen', 'sofie.pedersen@miracle42.dk', '+45 69947935', TO_DATE('2011-02-01', 'yyyy-mm-dd'), 'CONS', 4000.00, 52, 1000);
INSERT INTO employees (employee_id, first_name, last_name, email, phone_number, hire_date, job_id, salary, manager_id, department_id) VALUES (795, 'Jeppe', 'Christensen ', 'jeppe.christensen@miracle.fi', '+358 30418619', TO_DATE('2017-01-30', 'yyyy-mm-dd'), 'SNRCONS', 4660.00, 40, 400);
INSERT INTO employees (employee_id, first_name, last_name, email, phone_number, hire_date, job_id, salary, manager_id, department_id) VALUES (796, 'Alma', 'Rasmussen', 'alma.rasmussen@emineo.se', '+46 72456061', TO_DATE('2007-09-20', 'yyyy-mm-dd'), 'CONS', 3860.00, 41, 500);
INSERT INTO employees (employee_id, first_name, last_name, email, phone_number, hire_date, job_id, salary, manager_id, department_id) VALUES (797, 'Natasja', 'Madsen', 'natasja.madsen@emineo.se', '+46 87331152', TO_DATE('1995-11-16', 'yyyy-mm-dd'), 'SNRCONS', 6000.00, 39, 300);
INSERT INTO employees (employee_id, first_name, last_name, email, phone_number, hire_date, job_id, salary, manager_id, department_id) VALUES (804, 'Michael', 'Christiansen', 'michael.christiansen@addpro.dk', '+45 71253581', TO_DATE('2000-01-13', 'yyyy-mm-dd'), 'TSC', 3060.00, 42, 600);
INSERT INTO employees (employee_id, first_name, last_name, email, phone_number, hire_date, job_id, salary, manager_id, department_id) VALUES (806, 'Leonora', 'Olsen', 'leonora.olsen@miracle42.dk', '+45 73070251', TO_DATE('2000-09-03', 'yyyy-mm-dd'), 'SNRTSC', 3460.00, 52, 1000);
INSERT INTO employees (employee_id, first_name, last_name, email, phone_number, hire_date, job_id, salary, manager_id, department_id) VALUES (811, 'Pelle', 'Jensen', 'pelle.jensen@emineo.se', '+46 70380859', TO_DATE('2020-11-20', 'yyyy-mm-dd'), 'CONS', 3860.00, 41, 500);
INSERT INTO employees (employee_id, first_name, last_name, email, phone_number, hire_date, job_id, salary, manager_id, department_id) VALUES (813, 'Anton', 'Madsen', 'anton.madsen@miracle.fi', '+358 77131838', TO_DATE('2000-01-07', 'yyyy-mm-dd'), 'SNRCONS', 6260.00, 40, 400);
INSERT INTO employees (employee_id, first_name, last_name, email, phone_number, hire_date, job_id, salary, manager_id, department_id) VALUES (815, 'Rikke', 'Pedersen', 'rikke.pedersen@miracle42.dk', '+45 72520208', TO_DATE('2015-09-15', 'yyyy-mm-dd'), 'CONS', 4130.00, 34, 100);
INSERT INTO employees (employee_id, first_name, last_name, email, phone_number, hire_date, job_id, salary, manager_id, department_id) VALUES (817, 'Malthe', 'Andersen', 'malthe.andersen@miracle.fi', '+358 79666015', TO_DATE('2005-02-08', 'yyyy-mm-dd'), 'SNRCONS', 7200.00, 40, 400);
INSERT INTO employees (employee_id, first_name, last_name, email, phone_number, hire_date, job_id, salary, manager_id, department_id) VALUES (820, 'Elias', 'Christensen ', 'elias.christensen@miracle42.dk', '+45 63544529', TO_DATE('2016-02-28', 'yyyy-mm-dd'), 'TSC', 4530.00, 38, 200);
INSERT INTO employees (employee_id, first_name, last_name, email, phone_number, hire_date, job_id, salary, manager_id, department_id) VALUES (821, 'Saga', 'Jensen', 'saga.jensen@mentorit.dk', '+45 31881713', TO_DATE('2011-09-10', 'yyyy-mm-dd'), 'SNRTSC', 4130.00, 47, 800);
INSERT INTO employees (employee_id, first_name, last_name, email, phone_number, hire_date, job_id, salary, manager_id, department_id) VALUES (822, 'Silas', 'Nielsen', 'silas.nielsen@emineo.se', '+46 61325957', TO_DATE('2009-01-27', 'yyyy-mm-dd'), 'CONS', 4660.00, 41, 500);
INSERT INTO employees (employee_id, first_name, last_name, email, phone_number, hire_date, job_id, salary, manager_id, department_id) VALUES (824, 'Anne', 'Nielsen', 'anne.nielsen@emineo.se', '+46 88428218', TO_DATE('2007-09-22', 'yyyy-mm-dd'), 'SNRCONS', 5200.00, 41, 500);
INSERT INTO employees (employee_id, first_name, last_name, email, phone_number, hire_date, job_id, salary, manager_id, department_id) VALUES (825, 'Mohammad', 'Pedersen', 'mohammad.pedersen@miracle42.dk', '+45 91970284', TO_DATE('1995-06-01', 'yyyy-mm-dd'), 'CONS', 3600.00, 52, 1000);
INSERT INTO employees (employee_id, first_name, last_name, email, phone_number, hire_date, job_id, salary, manager_id, department_id) VALUES (826, 'Caroline', 'Jensen', 'caroline.jensen@miracle.fi', '+358 43014425', TO_DATE('2018-01-10', 'yyyy-mm-dd'), 'SNRCONS', 7200.00, 40, 400);
INSERT INTO employees (employee_id, first_name, last_name, email, phone_number, hire_date, job_id, salary, manager_id, department_id) VALUES (827, 'Ellen', 'Christensen ', 'ellen.christensen@miracle42.dk', '+45 63449426', TO_DATE('2017-11-23', 'yyyy-mm-dd'), 'TSC', 3730.00, 52, 1000);
INSERT INTO employees (employee_id, first_name, last_name, email, phone_number, hire_date, job_id, salary, manager_id, department_id) VALUES (828, 'Josefine', 'Sørensen', 'josefine.sorensen@progressive.dk', '+45 88111131', TO_DATE('2018-04-27', 'yyyy-mm-dd'), 'SNRTSC', 5730.00, 43, 700);
INSERT INTO employees (employee_id, first_name, last_name, email, phone_number, hire_date, job_id, salary, manager_id, department_id) VALUES (829, 'Lasse', 'Madsen', 'lasse.madsen@mentorit.dk', '+45 99756286', TO_DATE('1998-09-12', 'yyyy-mm-dd'), 'CONS', 4660.00, 51, 900);
INSERT INTO employees (employee_id, first_name, last_name, email, phone_number, hire_date, job_id, salary, manager_id, department_id) VALUES (830, 'Gustav', 'Pedersen', 'gustav.pedersen@progressive.dk', '+45 37691965', TO_DATE('1997-02-01', 'yyyy-mm-dd'), 'SNRCONS', 5460.00, 43, 700);
INSERT INTO employees (employee_id, first_name, last_name, email, phone_number, hire_date, job_id, salary, manager_id, department_id) VALUES (831, 'Rasmus', 'Sørensen', 'rasmus.sorensen@mentorit.dk', '+45 50535118', TO_DATE('1997-06-28', 'yyyy-mm-dd'), 'CONS', 4400.00, 51, 900);
INSERT INTO employees (employee_id, first_name, last_name, email, phone_number, hire_date, job_id, salary, manager_id, department_id) VALUES (832, 'Ellen', 'Nielsen', 'ellen.nielsen@emineo.se', '+46 95929246', TO_DATE('2018-01-28', 'yyyy-mm-dd'), 'SNRCONS', 5460.00, 41, 500);
INSERT INTO employees (employee_id, first_name, last_name, email, phone_number, hire_date, job_id, salary, manager_id, department_id) VALUES (833, 'Thomas', 'Petersen', 'thomas.petersen@addpro.dk', '+45 22603564', TO_DATE('1998-09-18', 'yyyy-mm-dd'), 'TSC', 4400.00, 42, 600);
INSERT INTO employees (employee_id, first_name, last_name, email, phone_number, hire_date, job_id, salary, manager_id, department_id) VALUES (835, 'Cecilie', 'Jensen', 'cecilie.jensen@miracle42.dk', '+45 79241493', TO_DATE('1991-09-09', 'yyyy-mm-dd'), 'SNRTSC', 5060.00, 53, 1100);
INSERT INTO employees (employee_id, first_name, last_name, email, phone_number, hire_date, job_id, salary, manager_id, department_id) VALUES (836, 'Matheo', 'Nielsen', 'matheo.nielsen@mentorit.dk', '+45 16146115', TO_DATE('1998-03-07', 'yyyy-mm-dd'), 'CONS', 5460.00, 47, 800);
INSERT INTO employees (employee_id, first_name, last_name, email, phone_number, hire_date, job_id, salary, manager_id, department_id) VALUES (841, 'Villum', 'Christensen ', 'villum.christensen@emineo.se', '+46 51548306', TO_DATE('2013-07-23', 'yyyy-mm-dd'), 'SNRCONS', 4930.00, 41, 500);
INSERT INTO employees (employee_id, first_name, last_name, email, phone_number, hire_date, job_id, salary, manager_id, department_id) VALUES (842, 'Emilie', 'Larsen', 'emilie.larsen@emineo.se', '+46 74244259', TO_DATE('2015-01-27', 'yyyy-mm-dd'), 'CONS', 5730.00, 41, 500);
INSERT INTO employees (employee_id, first_name, last_name, email, phone_number, hire_date, job_id, salary, manager_id, department_id) VALUES (843, 'Henrik', 'Andersen', 'henrik.andersen@miracle42.dk', '+45 85899546', TO_DATE('2018-03-10', 'yyyy-mm-dd'), 'SNRCONS', 6530.00, 52, 1000);
INSERT INTO employees (employee_id, first_name, last_name, email, phone_number, hire_date, job_id, salary, manager_id, department_id) VALUES (844, 'Katrine', 'Nielsen', 'katrine.nielsen@progressive.dk', '+45 51357247', TO_DATE('2013-06-30', 'yyyy-mm-dd'), 'TSC', 2800.00, 43, 700);
INSERT INTO employees (employee_id, first_name, last_name, email, phone_number, hire_date, job_id, salary, manager_id, department_id) VALUES (845, 'August', 'Hansen', 'august.hansen@progressive.dk', '+45 50163377', TO_DATE('2016-07-12', 'yyyy-mm-dd'), 'SNRTSC', 4800.00, 43, 700);
INSERT INTO employees (employee_id, first_name, last_name, email, phone_number, hire_date, job_id, salary, manager_id, department_id) VALUES (846, 'Sebastian', 'Nielsen', 'sebastian.nielsen@miracle42.dk', '+45 19683447', TO_DATE('1996-01-13', 'yyyy-mm-dd'), 'CONS', 3860.00, 53, 1100);
INSERT INTO employees (employee_id, first_name, last_name, email, phone_number, hire_date, job_id, salary, manager_id, department_id) VALUES (848, 'Malou', 'Andersen', 'malou.andersen@mentorit.dk', '+45 78400535', TO_DATE('2012-03-19', 'yyyy-mm-dd'), 'SNRCONS', 5600.00, 47, 800);
INSERT INTO employees (employee_id, first_name, last_name, email, phone_number, hire_date, job_id, salary, manager_id, department_id) VALUES (849, 'Lars', 'Petersen', 'lars.petersen@miracle42.dk', '+45 15194580', TO_DATE('1998-10-07', 'yyyy-mm-dd'), 'CONS', 4130.00, 38, 200);
INSERT INTO employees (employee_id, first_name, last_name, email, phone_number, hire_date, job_id, salary, manager_id, department_id) VALUES (850, 'Lucas', 'Pedersen', 'lucas.pedersen@addpro.dk', '+45 83777639', TO_DATE('2015-02-14', 'yyyy-mm-dd'), 'SNRCONS', 5200.00, 42, 600);
INSERT INTO employees (employee_id, first_name, last_name, email, phone_number, hire_date, job_id, salary, manager_id, department_id) VALUES (851, 'Mille', 'Hansen', 'mille.hansen@progressive.dk', '+45 79641602', TO_DATE('1994-10-25', 'yyyy-mm-dd'), 'TSC', 4000.00, 43, 700);
INSERT INTO employees (employee_id, first_name, last_name, email, phone_number, hire_date, job_id, salary, manager_id, department_id) VALUES (852, 'Dennis', 'Jensen', 'dennis.jensen@mentorit.dk', '+45 45381382', TO_DATE('1997-03-17', 'yyyy-mm-dd'), 'SNRTSC', 5060.00, 47, 800);
INSERT INTO employees (employee_id, first_name, last_name, email, phone_number, hire_date, job_id, salary, manager_id, department_id) VALUES (860, 'Jonathan', 'Sørensen', 'jonathan.sorensen@mentorit.dk', '+45 54602750', TO_DATE('2005-06-11', 'yyyy-mm-dd'), 'SNRCONS', 5600.00, 51, 900);
INSERT INTO employees (employee_id, first_name, last_name, email, phone_number, hire_date, job_id, salary, manager_id, department_id) VALUES (861, 'Line', 'Christiansen', 'line.christiansen@addpro.dk', '+45 91306571', TO_DATE('1996-09-12', 'yyyy-mm-dd'), 'CONS', 4930.00, 42, 600);
INSERT INTO employees (employee_id, first_name, last_name, email, phone_number, hire_date, job_id, salary, manager_id, department_id) VALUES (862, 'Mads', 'Sørensen', 'mads.sorensen@mentorit.dk', '+45 63749268', TO_DATE('2017-12-06', 'yyyy-mm-dd'), 'SNRCONS', 5460.00, 51, 900);
INSERT INTO employees (employee_id, first_name, last_name, email, phone_number, hire_date, job_id, salary, manager_id, department_id) VALUES (863, 'Jens', 'Johansen', 'jens.johansen@emineo.se', '+46 53073836', TO_DATE('2012-06-07', 'yyyy-mm-dd'), 'TSC', 4000.00, 41, 500);
INSERT INTO employees (employee_id, first_name, last_name, email, phone_number, hire_date, job_id, salary, manager_id, department_id) VALUES (864, 'Villads', 'Nielsen', 'villads.nielsen@mentorit.dk', '+45 78467571', TO_DATE('2017-12-06', 'yyyy-mm-dd'), 'SNRTSC', 5060.00, 51, 900);
INSERT INTO employees (employee_id, first_name, last_name, email, phone_number, hire_date, job_id, salary, manager_id, department_id) VALUES (865, 'Anna', 'Nielsen', 'anna.nielsen@progressive.dk', '+45 51185376', TO_DATE('2013-07-11', 'yyyy-mm-dd'), 'CONS', 3330.00, 43, 700);
INSERT INTO employees (employee_id, first_name, last_name, email, phone_number, hire_date, job_id, salary, manager_id, department_id) VALUES (866, 'Michelle', 'Rasmussen', 'michelle.rasmussen@emineo.se', '+46 51631858', TO_DATE('2014-04-14', 'yyyy-mm-dd'), 'SNRCONS', 6260.00, 41, 500);
INSERT INTO employees (employee_id, first_name, last_name, email, phone_number, hire_date, job_id, salary, manager_id, department_id) VALUES (873, 'Lily', 'Thomsen', 'lily.thomsen@addpro.dk', '+45 41741435', TO_DATE('2018-08-01', 'yyyy-mm-dd'), 'CONS', 3460.00, 42, 600);
INSERT INTO employees (employee_id, first_name, last_name, email, phone_number, hire_date, job_id, salary, manager_id, department_id) VALUES (874, 'Jakob', 'Andersen', 'jakob.andersen@progressive.dk', '+45 55996601', TO_DATE('2018-08-02', 'yyyy-mm-dd'), 'SNRCONS', 5730.00, 43, 700);
INSERT INTO employees (employee_id, first_name, last_name, email, phone_number, hire_date, job_id, salary, manager_id, department_id) VALUES (876, 'Trine', 'Andersen', 'trine.andersen@miracle42.dk', '+45 71593399', TO_DATE('2005-03-23', 'yyyy-mm-dd'), 'TSC', 4530.00, 52, 1000);
INSERT INTO employees (employee_id, first_name, last_name, email, phone_number, hire_date, job_id, salary, manager_id, department_id) VALUES (878, 'Sarah', 'Nielsen', 'sarah.nielsen@addpro.dk', '+45 99641635', TO_DATE('2012-10-01', 'yyyy-mm-dd'), 'SNRTSC', 4000.00, 42, 600);
INSERT INTO employees (employee_id, first_name, last_name, email, phone_number, hire_date, job_id, salary, manager_id, department_id) VALUES (881, 'Elliot', 'Nielsen', 'elliot.nielsen@miracle42.dk', '+45 44412872', TO_DATE('2011-07-02', 'yyyy-mm-dd'), 'CONS', 3460.00, 52, 1000);
INSERT INTO employees (employee_id, first_name, last_name, email, phone_number, hire_date, job_id, salary, manager_id, department_id) VALUES (882, 'Liva', 'Pedersen', 'liva.pedersen@miracle42.dk', '+45 90159490', TO_DATE('2004-05-27', 'yyyy-mm-dd'), 'SNRCONS', 6000.00, 52, 1000);
INSERT INTO employees (employee_id, first_name, last_name, email, phone_number, hire_date, job_id, salary, manager_id, department_id) VALUES (885, 'Silas', 'Madsen', 'silas.madsen@miracle42.dk', '+45 46571519', TO_DATE('2011-01-05', 'yyyy-mm-dd'), 'CONS', 5600.00, 52, 1000);
INSERT INTO employees (employee_id, first_name, last_name, email, phone_number, hire_date, job_id, salary, manager_id, department_id) VALUES (886, 'Nicoline', 'Kristensen', 'nicoline.kristensen@mentorit.dk', '+45 82963756', TO_DATE('1992-10-10', 'yyyy-mm-dd'), 'SNRCONS', 5600.00, 51, 900);
INSERT INTO employees (employee_id, first_name, last_name, email, phone_number, hire_date, job_id, salary, manager_id, department_id) VALUES (887, 'Daniel', 'Andersen', 'daniel.andersen@progressive.dk', '+45 29998711', TO_DATE('1994-04-25', 'yyyy-mm-dd'), 'TSC', 3060.00, 43, 700);
INSERT INTO employees (employee_id, first_name, last_name, email, phone_number, hire_date, job_id, salary, manager_id, department_id) VALUES (890, 'Sofie', 'Hansen', 'sofie.hansen@emineo.se', '+46 54303209', TO_DATE('1995-10-04', 'yyyy-mm-dd'), 'SNRTSC', 3860.00, 41, 500);
INSERT INTO employees (employee_id, first_name, last_name, email, phone_number, hire_date, job_id, salary, manager_id, department_id) VALUES (895, 'Karla', 'Jensen', 'karla.jensen@addpro.dk', '+45 47275264', TO_DATE('1991-10-18', 'yyyy-mm-dd'), 'CONS', 4260.00, 42, 600);
INSERT INTO employees (employee_id, first_name, last_name, email, phone_number, hire_date, job_id, salary, manager_id, department_id) VALUES (896, 'Felix', 'Rasmussen', 'felix.rasmussen@miracle42.dk', '+45 44538899', TO_DATE('1992-04-21', 'yyyy-mm-dd'), 'SNRCONS', 5860.00, 52, 1000);
INSERT INTO employees (employee_id, first_name, last_name, email, phone_number, hire_date, job_id, salary, manager_id, department_id) VALUES (898, 'Jesper', 'Larsen', 'jesper.larsen@emineo.se', '+46 79101209', TO_DATE('2000-12-10', 'yyyy-mm-dd'), 'CONS', 5330.00, 39, 300);
INSERT INTO employees (employee_id, first_name, last_name, email, phone_number, hire_date, job_id, salary, manager_id, department_id) VALUES (902, 'Lasse', 'Johansen', 'lasse.johansen@emineo.se', '+46 13234188', TO_DATE('2001-05-16', 'yyyy-mm-dd'), 'TSC', 4400.00, 39, 300);
INSERT INTO employees (employee_id, first_name, last_name, email, phone_number, hire_date, job_id, salary, manager_id, department_id) VALUES (905, 'Astrid', 'Olsen', 'astrid.olsen@mentorit.dk', '+45 88229015', TO_DATE('2012-05-13', 'yyyy-mm-dd'), 'SNRTSC', 4130.00, 47, 800);
INSERT INTO employees (employee_id, first_name, last_name, email, phone_number, hire_date, job_id, salary, manager_id, department_id) VALUES (906, 'Lily', 'Hansen', 'lily.hansen@emineo.se', '+46 66582386', TO_DATE('1996-09-25', 'yyyy-mm-dd'), 'CONS', 4260.00, 39, 300);
INSERT INTO employees (employee_id, first_name, last_name, email, phone_number, hire_date, job_id, salary, manager_id, department_id) VALUES (910, 'Nicoline', 'Andersen', 'nicoline.andersen@progressive.dk', '+45 23366998', TO_DATE('2014-09-16', 'yyyy-mm-dd'), 'SNRCONS', 6930.00, 43, 700);
INSERT INTO employees (employee_id, first_name, last_name, email, phone_number, hire_date, job_id, salary, manager_id, department_id) VALUES (911, 'August', 'Thomsen', 'august.thomsen@emineo.se', '+46 34603105', TO_DATE('1999-02-15', 'yyyy-mm-dd'), 'CONS', 4400.00, 41, 500);
INSERT INTO employees (employee_id, first_name, last_name, email, phone_number, hire_date, job_id, salary, manager_id, department_id) VALUES (912, 'Jacob', 'Sørensen', 'jacob.sorensen@miracle.fi', '+358 95689865', TO_DATE('2010-08-21', 'yyyy-mm-dd'), 'SNRCONS', 6930.00, 40, 400);
INSERT INTO employees (employee_id, first_name, last_name, email, phone_number, hire_date, job_id, salary, manager_id, department_id) VALUES (914, 'Milas', 'Rasmussen', 'milas.rasmussen@emineo.se', '+46 49583595', TO_DATE('2012-02-29', 'yyyy-mm-dd'), 'TSC', 4660.00, 41, 500);
INSERT INTO employees (employee_id, first_name, last_name, email, phone_number, hire_date, job_id, salary, manager_id, department_id) VALUES (915, 'Thea', 'Hansen', 'thea.hansen@mentorit.dk', '+45 76142525', TO_DATE('2006-07-16', 'yyyy-mm-dd'), 'SNRTSC', 4530.00, 51, 900);
INSERT INTO employees (employee_id, first_name, last_name, email, phone_number, hire_date, job_id, salary, manager_id, department_id) VALUES (916, 'Mohammad', 'Jørgensen ', 'mohammad.jorgensen@miracle42.dk', '+45 76876438', TO_DATE('2008-05-23', 'yyyy-mm-dd'), 'CONS', 3600.00, 52, 1000);
INSERT INTO employees (employee_id, first_name, last_name, email, phone_number, hire_date, job_id, salary, manager_id, department_id) VALUES (917, 'Simon', 'Rasmussen', 'simon.rasmussen@mentorit.dk', '+45 49150569', TO_DATE('2013-06-29', 'yyyy-mm-dd'), 'SNRCONS', 4660.00, 51, 900);
INSERT INTO employees (employee_id, first_name, last_name, email, phone_number, hire_date, job_id, salary, manager_id, department_id) VALUES (918, 'Lars', 'Nielsen', 'lars.nielsen@miracle42.dk', '+45 76263013', TO_DATE('2008-11-30', 'yyyy-mm-dd'), 'CONS', 4260.00, 34, 100);
INSERT INTO employees (employee_id, first_name, last_name, email, phone_number, hire_date, job_id, salary, manager_id, department_id) VALUES (919, 'Amanda', 'Nielsen', 'amanda.nielsen@emineo.se', '+46 77246716', TO_DATE('2009-10-15', 'yyyy-mm-dd'), 'SNRCONS', 5460.00, 41, 500);
INSERT INTO employees (employee_id, first_name, last_name, email, phone_number, hire_date, job_id, salary, manager_id, department_id) VALUES (923, 'Malene', 'Andersen', 'malene.andersen@emineo.se', '+46 78020887', TO_DATE('2015-05-07', 'yyyy-mm-dd'), 'TSC', 3860.00, 41, 500);
INSERT INTO employees (employee_id, first_name, last_name, email, phone_number, hire_date, job_id, salary, manager_id, department_id) VALUES (928, 'Søren', 'Hansen', 'soren.hansen@mentorit.dk', '+45 29965993', TO_DATE('2006-03-01', 'yyyy-mm-dd'), 'SNRTSC', 3600.00, 51, 900);
INSERT INTO employees (employee_id, first_name, last_name, email, phone_number, hire_date, job_id, salary, manager_id, department_id) VALUES (929, 'Esther', 'Sørensen', 'esther.sorensen@emineo.se', '+46 38694026', TO_DATE('2020-02-14', 'yyyy-mm-dd'), 'CONS', 5600.00, 41, 500);
INSERT INTO employees (employee_id, first_name, last_name, email, phone_number, hire_date, job_id, salary, manager_id, department_id) VALUES (930, 'Cecilie', 'Pedersen', 'cecilie.pedersen@miracle42.dk', '+45 27869424', TO_DATE('2001-02-28', 'yyyy-mm-dd'), 'SNRCONS', 4930.00, 34, 100);
INSERT INTO employees (employee_id, first_name, last_name, email, phone_number, hire_date, job_id, salary, manager_id, department_id) VALUES (931, 'Trine', 'Pedersen', 'trine.pedersen@emineo.se', '+46 22658628', TO_DATE('2018-02-18', 'yyyy-mm-dd'), 'CONS', 3860.00, 39, 300);
INSERT INTO employees (employee_id, first_name, last_name, email, phone_number, hire_date, job_id, salary, manager_id, department_id) VALUES (934, 'Benjamin', 'Hansen', 'benjamin.hansen@emineo.se', '+46 44985424', TO_DATE('1994-02-27', 'yyyy-mm-dd'), 'SNRCONS', 5730.00, 39, 300);
INSERT INTO employees (employee_id, first_name, last_name, email, phone_number, hire_date, job_id, salary, manager_id, department_id) VALUES (935, 'Natasja', 'Pedersen', 'natasja.pedersen@miracle.fi', '+358 91091911', TO_DATE('2018-12-17', 'yyyy-mm-dd'), 'TSC', 5060.00, 40, 400);
INSERT INTO employees (employee_id, first_name, last_name, email, phone_number, hire_date, job_id, salary, manager_id, department_id) VALUES (938, 'Morten', 'Pedersen', 'morten.pedersen@miracle42.dk', '+45 46859444', TO_DATE('2017-01-09', 'yyyy-mm-dd'), 'SNRTSC', 4130.00, 38, 200);
INSERT INTO employees (employee_id, first_name, last_name, email, phone_number, hire_date, job_id, salary, manager_id, department_id) VALUES (940, 'Maria', 'Nielsen', 'maria.nielsen@miracle42.dk', '+45 86296693', TO_DATE('2016-08-27', 'yyyy-mm-dd'), 'CONS', 3460.00, 38, 200);
INSERT INTO employees (employee_id, first_name, last_name, email, phone_number, hire_date, job_id, salary, manager_id, department_id) VALUES (941, 'Mia', 'Hansen', 'mia.hansen@progressive.dk', '+45 18290593', TO_DATE('2004-09-12', 'yyyy-mm-dd'), 'SNRCONS', 4800.00, 43, 700);
INSERT INTO employees (employee_id, first_name, last_name, email, phone_number, hire_date, job_id, salary, manager_id, department_id) VALUES (947, 'Anne', 'Madsen', 'anne.madsen@miracle.fi', '+358 53029060', TO_DATE('1991-10-25', 'yyyy-mm-dd'), 'CONS', 4400.00, 40, 400);
INSERT INTO employees (employee_id, first_name, last_name, email, phone_number, hire_date, job_id, salary, manager_id, department_id) VALUES (953, 'Martin', 'Larsen', 'martin.larsen@emineo.se', '+46 49170434', TO_DATE('1998-08-12', 'yyyy-mm-dd'), 'SNRCONS', 6000.00, 41, 500);
INSERT INTO employees (employee_id, first_name, last_name, email, phone_number, hire_date, job_id, salary, manager_id, department_id) VALUES (954, 'Thor', 'Knudsen', 'thor.knudsen@progressive.dk', '+45 99737566', TO_DATE('2019-05-24', 'yyyy-mm-dd'), 'TSC', 4130.00, 43, 700);
INSERT INTO employees (employee_id, first_name, last_name, email, phone_number, hire_date, job_id, salary, manager_id, department_id) VALUES (956, 'Charlotte', 'Jensen', 'charlotte.jensen@miracle42.dk', '+45 48983493', TO_DATE('2013-08-23', 'yyyy-mm-dd'), 'SNRTSC', 3330.00, 53, 1100);
INSERT INTO employees (employee_id, first_name, last_name, email, phone_number, hire_date, job_id, salary, manager_id, department_id) VALUES (964, 'Konrad', 'Petersen', 'konrad.petersen@miracle42.dk', '+45 45755978', TO_DATE('1996-09-15', 'yyyy-mm-dd'), 'CONS', 3730.00, 38, 200);
INSERT INTO employees (employee_id, first_name, last_name, email, phone_number, hire_date, job_id, salary, manager_id, department_id) VALUES (965, 'Otto', 'Møller', 'otto.moller@mentorit.dk', '+45 92196340', TO_DATE('1991-12-01', 'yyyy-mm-dd'), 'SNRCONS', 5330.00, 51, 900);
INSERT INTO employees (employee_id, first_name, last_name, email, phone_number, hire_date, job_id, salary, manager_id, department_id) VALUES (966, 'Aksel', 'Larsen', 'aksel.larsen@miracle.fi', '+358 23304624', TO_DATE('2016-06-28', 'yyyy-mm-dd'), 'CONS', 3860.00, 40, 400);
INSERT INTO employees (employee_id, first_name, last_name, email, phone_number, hire_date, job_id, salary, manager_id, department_id) VALUES (968, 'Amanda', 'Jørgensen ', 'amanda.jorgensen@progressive.dk', '+45 15614343', TO_DATE('1990-06-11', 'yyyy-mm-dd'), 'SNRCONS', 6130.00, 43, 700);
INSERT INTO employees (employee_id, first_name, last_name, email, phone_number, hire_date, job_id, salary, manager_id, department_id) VALUES (969, 'Lea', 'Kristensen', 'lea.kristensen@miracle.fi', '+358 42761473', TO_DATE('1992-03-29', 'yyyy-mm-dd'), 'TSC', 3460.00, 40, 400);
INSERT INTO employees (employee_id, first_name, last_name, email, phone_number, hire_date, job_id, salary, manager_id, department_id) VALUES (970, 'Liv', 'Poulsen', 'liv.poulsen@miracle42.dk', '+45 56375567', TO_DATE('2010-12-27', 'yyyy-mm-dd'), 'SNRTSC', 4930.00, 52, 1000);
INSERT INTO employees (employee_id, first_name, last_name, email, phone_number, hire_date, job_id, salary, manager_id, department_id) VALUES (976, 'Christina', 'Hansen', 'christina.hansen@miracle42.dk', '+45 24116765', TO_DATE('2020-09-30', 'yyyy-mm-dd'), 'CONS', 5600.00, 52, 1000);
INSERT INTO employees (employee_id, first_name, last_name, email, phone_number, hire_date, job_id, salary, manager_id, department_id) VALUES (981, 'Albert', 'Jensen', 'albert.jensen@mentorit.dk', '+45 69165404', TO_DATE('2005-01-27', 'yyyy-mm-dd'), 'SNRCONS', 6000.00, 51, 900);
INSERT INTO employees (employee_id, first_name, last_name, email, phone_number, hire_date, job_id, salary, manager_id, department_id) VALUES (982, 'Heidi', 'Madsen', 'heidi.madsen@emineo.se', '+46 89396824', TO_DATE('2006-03-28', 'yyyy-mm-dd'), 'CONS', 4530.00, 39, 300);
INSERT INTO employees (employee_id, first_name, last_name, email, phone_number, hire_date, job_id, salary, manager_id, department_id) VALUES (983, 'Marcus', 'Andersen', 'marcus.andersen@miracle42.dk', '+45 82309264', TO_DATE('2013-10-20', 'yyyy-mm-dd'), 'SNRCONS', 6400.00, 38, 200);
INSERT INTO employees (employee_id, first_name, last_name, email, phone_number, hire_date, job_id, salary, manager_id, department_id) VALUES (984, 'Kenneth', 'Nielsen', 'kenneth.nielsen@progressive.dk', '+45 34206448', TO_DATE('2003-10-12', 'yyyy-mm-dd'), 'TSC', 4800.00, 43, 700);
INSERT INTO employees (employee_id, first_name, last_name, email, phone_number, hire_date, job_id, salary, manager_id, department_id) VALUES (985, 'Anton', 'Nielsen', 'anton.nielsen@emineo.se', '+46 19298750', TO_DATE('1993-08-22', 'yyyy-mm-dd'), 'SNRTSC', 5730.00, 41, 500);
INSERT INTO employees (employee_id, first_name, last_name, email, phone_number, hire_date, job_id, salary, manager_id, department_id) VALUES (987, 'Nohr', 'Olsen', 'nohr.olsen@progressive.dk', '+45 95348027', TO_DATE('1995-02-03', 'yyyy-mm-dd'), 'CONS', 5860.00, 43, 700);
INSERT INTO employees (employee_id, first_name, last_name, email, phone_number, hire_date, job_id, salary, manager_id, department_id) VALUES (988, 'Julie', 'Sørensen', 'julie.sorensen@miracle42.dk', '+45 80456943', TO_DATE('2004-08-19', 'yyyy-mm-dd'), 'SNRCONS', 6400.00, 53, 1100);
INSERT INTO employees (employee_id, first_name, last_name, email, phone_number, hire_date, job_id, salary, manager_id, department_id) VALUES (991, 'Hugo', 'Kristensen', 'hugo.kristensen@emineo.se', '+46 43693339', TO_DATE('2014-04-01', 'yyyy-mm-dd'), 'CONS', 3860.00, 39, 300);
INSERT INTO employees (employee_id, first_name, last_name, email, phone_number, hire_date, job_id, salary, manager_id, department_id) VALUES (992, 'Agnes', 'Larsen', 'agnes.larsen@miracle42.dk', '+45 97070564', TO_DATE('1991-10-27', 'yyyy-mm-dd'), 'SNRCONS', 6660.00, 52, 1000);
INSERT INTO employees (employee_id, first_name, last_name, email, phone_number, hire_date, job_id, salary, manager_id, department_id) VALUES (993, 'Ida', 'Andersen', 'ida.andersen@miracle42.dk', '+45 52305220', TO_DATE('2017-09-04', 'yyyy-mm-dd'), 'TSC', 4930.00, 38, 200);
INSERT INTO employees (employee_id, first_name, last_name, email, phone_number, hire_date, job_id, salary, manager_id, department_id) VALUES (996, 'Søren', 'Olsen', 'soren.olsen@miracle42.dk', '+45 74358770', TO_DATE('2002-11-19', 'yyyy-mm-dd'), 'SNRTSC', 4130.00, 52, 1000);
INSERT INTO employees (employee_id, first_name, last_name, email, phone_number, hire_date, job_id, salary, manager_id, department_id) VALUES (997, 'William', 'Larsen', 'william.larsen@miracle.fi', '+358 10698601', TO_DATE('1992-10-18', 'yyyy-mm-dd'), 'CONS', 4660.00, 40, 400);
INSERT INTO employees (employee_id, first_name, last_name, email, phone_number, hire_date, job_id, salary, manager_id, department_id) VALUES (998, 'Patrick', 'Knudsen', 'patrick.knudsen@miracle42.dk', '+45 63687210', TO_DATE('1993-08-09', 'yyyy-mm-dd'), 'SNRCONS', 6130.00, 34, 100);
INSERT INTO employees (employee_id, first_name, last_name, email, phone_number, hire_date, job_id, salary, manager_id, department_id) VALUES (999, 'Gry', 'Petersen', 'gry.petersen@addpro.dk', '+45 92898195', TO_DATE('1992-10-20', 'yyyy-mm-dd'), 'CONS', 4800.00, 42, 600);
INSERT INTO employees (employee_id, first_name, last_name, email, phone_number, hire_date, job_id, salary, manager_id, department_id) VALUES (899, 'Erik', 'Sørensen', 'erik.sorensen@miracle42.dk', '+45 73114304', TO_DATE('1995-12-14', 'yyyy-mm-dd'), 'SNRCONS', 5600.00, 34, 100);
INSERT INTO employees (employee_id, first_name, last_name, email, phone_number, hire_date, job_id, salary, manager_id, department_id) VALUES (488, 'Frida', 'Jørgensen ', 'frida.jorgensen@miracle42.dk', '+45 60429231', TO_DATE('1994-01-19', 'yyyy-mm-dd'), 'TSC', 5060.00, 34, 100);


--
-- Data for Name: jobs; Type: TABLE DATA; Schema: public; Owner: -
--

INSERT INTO jobs (job_id, job_title, min_salary, max_salary) VALUES ('CONS', 'Consultant', 3330, 6000);
INSERT INTO jobs (job_id, job_title, min_salary, max_salary) VALUES ('SNRCONS', 'Senior Consultant', 4660, 7330);
INSERT INTO jobs (job_id, job_title, min_salary, max_salary) VALUES ('MGR', 'Manager', 5330, 8000);
INSERT INTO jobs (job_id, job_title, min_salary, max_salary) VALUES ('SNRMGR', 'Senior Manager', 6660, 9330);
INSERT INTO jobs (job_id, job_title, min_salary, max_salary) VALUES ('TSC', 'Test Consultant', 2660, 5330);
INSERT INTO jobs (job_id, job_title, min_salary, max_salary) VALUES ('SNRTSC', 'Senior Test Consultant', 3330, 6000);
INSERT INTO jobs (job_id, job_title, min_salary, max_salary) VALUES ('CMGR', 'Country Manager', 7330, 10000);
INSERT INTO jobs (job_id, job_title, min_salary, max_salary) VALUES ('CEO', 'Chief Executive Officer', 8660, 13330);


--
-- Data for Name: locations; Type: TABLE DATA; Schema: public; Owner: -
--

INSERT INTO locations (loc_id, street_address, postal_code, city, country_id) VALUES (5, 'Mileparken 22b', '2740', 'Skovlunde', 'DK');
INSERT INTO locations (loc_id, street_address, postal_code, city, country_id) VALUES (6, 'Lindevej 8', '6710', 'Esbjerg', 'DK');
INSERT INTO locations (loc_id, street_address, postal_code, city, country_id) VALUES (7, 'Lyskær 3B', '2730', 'Herlev', 'DK');
INSERT INTO locations (loc_id, street_address, postal_code, city, country_id) VALUES (8, 'Kolding park 8A 5. sal', '6000', 'Kolding', 'DK');
INSERT INTO locations (loc_id, street_address, postal_code, city, country_id) VALUES (4, 'Karlsbodavagen 41', '16867', 'Bromma', 'SE');
INSERT INTO locations (loc_id, street_address, postal_code, city, country_id) VALUES (1, 'Hermannin rantatie 12', '580', 'Helsinki', 'FI');
INSERT INTO locations (loc_id, street_address, postal_code, city, country_id) VALUES (2, 'Søndervangs Allé 20', '8260', 'Viby J', 'DK');
INSERT INTO locations (loc_id, street_address, postal_code, city, country_id) VALUES (3, 'Borupvang 5C', '2750', 'Ballerup', 'DK');

COMMIT;
